"","date_end","AK","AL","AR","AZ","CA","CO","CT","DE","FL","GA","HI","IA","ID","IL","IN","KS","KY","LA","MA","MD","ME","MI","MN","MO","MS","MT","NC","ND","NE","NH","NJ","NM","NV","NY","OH","OK","OR","PA","RI","SC","SD","TN","TX","US","UT","VA","VT","WA","WI","WV","WY"
"1",2020-05-10,0.523529584680783,1.05369110111855,0.797795434149699,1.04847358976776,0.634888046146083,0.473733654014001,1.04154361208973,0.460250640433209,0.771268833289742,0.656196929806802,0.645220756925116,0.350446746667545,0.340837356264763,1.19225960666908,0.572060367087419,0.584424534029476,0.722820849901361,0.515109765629637,1.07222852833004,0.831644769044882,0.955337692693227,0.894765152074055,0.620654288839312,0.798941977862251,1.16965621853651,0.297794237213438,0.463431573322904,0.678323170876082,0.805898339575984,1.62291312111198,0.953094945890727,0.459168836962955,0.819924267922154,0.818016455444639,0.643379075544133,0.54175521903039,0.964628436778196,0.314842148382502,0.349269688298359,0.511586355519723,0.137197151880622,0.884223327294342,0.627374542239716,0.691535169180663,0.617580000117867,0.514043548363383,1.30134794381363,1.00625361827313,0.906588492252678,0.905560751360152,0.390694243457705
"2",2020-05-17,0.375927751680405,0.747410525933305,0.549479143344105,0.822334862599141,0.712764037157765,0.614985631229648,0.777441652767479,0.732493341716906,0.539313191099621,0.403048250062696,0.536071810634933,0.338171247999288,0.525513285538442,1.04325357514613,0.44922758626668,0.585139173758671,0.420872073042373,0.379514767548406,0.794059298018877,0.645042129128883,0.824667135241962,0.731576199352335,0.568232296176122,1.16657587578815,0.703099969908727,0.542307667871687,0.87048875181417,0.600105890243052,0.621881593285484,1.1124825634534,0.88179237409336,0.44433666080266,0.635045565388291,0.508972810933096,0.430370385685953,0.353598301644166,0.777269615742714,0.321513159283482,0.427345951175098,0.626496418672002,0.172056671398777,0.788277862145714,0.730401755812636,0.623245573620732,0.68289468207744,0.558913097449904,1.17957377389143,0.797177550560745,0.589382088166923,0.717427363844995,0.745146413427667
"3",2020-05-24,0.739108740514812,0.556915740715957,0.695685309482521,0.675009482929509,0.59446578516213,0.505244403100458,0.399392701942968,0.853117589533596,0.526900511769008,0.485990606560859,0.451957598290591,0.310728616209485,0.450468227654301,0.826087858697877,0.773544366650563,0.579782528766818,0.559111283970406,0.682724011477651,0.504694054076787,0.499819275223741,0.539822034624998,0.59250129258266,0.709519289368178,1.02140415523115,0.591222961586255,0.558742361032166,0.90019955445661,0.551058121927343,0.475496695795447,0.772854563652056,0.759776956255336,0.565852399084446,0.502417246699401,0.571667726203427,0.519013769046529,0.330116183629364,0.940935815957054,0.616376961411784,0.768484003473489,0.746743457635529,0.674550964357396,0.610979664162029,0.697421871985365,0.614858005917356,0.56362428042884,0.846759820252815,0.712973122998396,0.790241612822643,0.442955542651335,0.745451871337622,0.405993099096729
"4",2020-05-31,0.63218675260984,0.49658419173686,1.1429431437961,0.478937408166702,0.682249199153212,0.504705848693796,0.773145029200237,0.494082649203154,0.684698428172686,0.443513999127564,0.426200916225167,0.806297976527062,0.757267319957342,0.863877957908057,0.90315450625441,0.811592105686957,0.73757454852261,0.756399605189632,0.512923415249437,0.737995886181463,0.498571169960951,0.648956860006121,0.558086694780713,0.920966270282218,0.681736037843492,0.321856645498617,0.791009072409224,0.313604577727154,0.517393286254121,0.763038800791329,0.689861906391798,0.861128625290269,0.667108231720329,0.453668640888361,0.776847256551043,0.566879664726837,0.925520623300641,1.40084895469464,1.04987392993393,0.768543917215999,0.555298613278274,0.742281907314929,0.539339926453775,0.670981621541035,0.623841246619828,1.06936829406782,3.67092276319021,0.807980305742442,0.544793846217733,0.615351975432501,0.37598798462738
"5",2020-06-07,0.52587583566463,0.661156859616795,0.763998357988801,0.508423313934187,0.705208160615206,0.897588356216076,0.662643735749386,0.35994006287156,0.855180592973575,0.593231829702143,0.281906865624396,0.81597394063265,0.760997170934096,0.809714020626475,0.688681463547477,0.906080970730189,0.885415746501861,0.47449120851187,0.516949579801244,0.500872665816906,0.662711007589761,0.494683091609737,0.567535748669076,0.689412040955204,0.489607956800879,0.526180180467077,0.635833756204403,0.372920991532433,0.323831106181694,0.852112718162574,0.576869493674605,0.616248283413095,0.531712198836908,0.61541490127226,0.823374868763908,0.665271804218799,0.72911052165991,0.849783533218637,0.972413076789591,0.656441865491133,0.710170225327253,0.800061621505264,0.670016345754157,0.675151093720361,0.519021838210204,1.07886169707986,2.28539494569758,0.719762256515331,0.590882416184994,0.459769269814428,0.547154631247833
"6",2020-06-14,1.22122186346115,0.809804845377975,0.705173613855926,0.41643210867807,0.699534621231539,1.0472612386796,0.99914918103643,0.379107372326799,0.841330824103941,0.58394430506373,0.410855746501806,0.782243965540818,0.58849125320018,0.661784277063417,0.639558052171079,1.03127879160515,0.588567512227154,0.426398529473889,0.472799187207845,1.26737092453149,1.01835330016359,0.655727633263145,1.09399820863945,0.74512005000727,0.508739158536255,0.521531097046337,0.819970553089833,1.56489253608744,0.371965586347754,0.70701841575027,0.477068805508588,0.386288744394539,0.94224527008247,0.740528692944323,0.67122841029866,0.561169701495001,1.49384256180359,0.589546943231333,0.691674511783403,0.995595542797897,1.67420801935919,0.630999995803317,0.864045119279227,0.710902027390291,0.718001898829208,0.877476953325156,1.02477026855838,0.672543649187919,0.634842141166712,0.537109959479258,0.592040202417127
"7",2020-06-21,0.909654136489386,0.564173733072009,0.614378743563586,0.727686962321705,0.730542002632981,0.603497615690877,1.0727348794846,0.335464778083609,0.726684927254572,0.680355977118824,0.240308888639547,1.2328100428364,1.27067979106457,0.700931076304897,0.742010279009707,0.840662860260079,0.544355724731788,0.855466693306891,0.699263564270341,1.10340174535866,0.799667743825329,0.665402843770985,0.746131697231961,0.484552728046034,0.741043330457752,0.378358711645249,0.789525448138453,0.819793848840045,0.655151396598276,0.905403911158508,0.671202451576371,1.08907502236752,0.95326429003128,0.534166310628622,0.62967074175523,1.23418918784399,1.71280759837583,0.921341695503095,1.04560940421804,0.848419171513316,1.04188882860169,0.65723180608633,0.585341619453463,0.700328115742005,0.894789632322877,0.646559026924693,0.561348265132861,0.833063425250306,0.643004305059857,0.947802469381911,0.439860563016091
"8",2020-06-28,0.448657123486791,0.527865225292836,0.71677503421396,0.887708041498502,0.5634682663743,0.755502417944634,0.772511365755951,0.431301496207258,1.0280388757508,0.722614320234818,0.338162400566772,1.11201332045034,1.12152369254073,0.597469483227695,0.698557502540048,0.539812492948305,0.708230655503478,0.921319067533012,0.77032845493885,0.740026266580289,1.29018336034833,0.669235715114632,0.857060779262527,0.429099811836345,0.566040495855548,0.685829221059008,1.03576883769605,0.379975236539554,0.516436057779954,1.26761683402333,0.565397682186623,0.867869783522289,0.616622101924544,0.456889896736034,0.626109389971255,1.30022813625407,1.13893876165292,0.798406228899001,0.953079851136539,0.667583174151871,0.618256497415315,0.924636734031569,0.771301472980492,0.700536081767476,0.846632227596233,0.549293696697183,1.79195732288953,1.03767708727247,0.500828550159221,1.08249810073615,0.716531670010202
"9",2020-07-05,0.424500601101667,0.479074427523183,0.940652024523852,0.748227556196325,0.576208544481363,0.851880042873396,0.775798829488495,0.476180573646028,0.859123798534487,0.626400159276831,0.405368943603952,0.804012074630336,0.582079434195632,0.937829333061246,0.743944089939289,0.522584995317573,1.00585006073043,0.637980494233001,0.624262844555119,0.832847905172469,1.01194613047102,0.772311855472296,0.902145647561061,0.703905380770604,0.760461560529737,1.39048203568986,0.903554462100899,0.44237198870954,0.545225764970555,0.677432947576651,0.46265533347353,0.974878310697123,0.594033639087697,0.78607945782055,0.593325869714675,1.07532414624042,0.872740348875397,0.718556460102587,0.712611584734317,0.624211169944679,0.689444982523255,0.918417253508635,0.811020425279003,0.723928321188295,0.527777871010091,0.65565324265587,1.11814354801066,0.934394343462625,0.887932215734469,0.916399723331707,0.581013160076973
"10",2020-07-12,0.414121240418152,0.483573730072111,0.942537146347325,1.12533609075688,0.841300869677111,0.923133969085315,0.663491639136101,0.737718453443353,1.08442058677491,0.622518156569792,0.393967757200182,0.517957900106979,0.753185924456245,0.811093822235105,0.862654162595903,0.614750344584758,0.847022153488394,0.57192932896315,0.986807488687636,0.90502861719614,0.433478636485402,0.923773122708207,0.7987377551948,0.830101668345494,0.771144593784569,1.51706667773362,0.800435152779724,0.909044285946984,0.749420260334278,0.626072108825199,0.545989948281134,0.947132894058273,0.957246548098792,0.812613860426558,0.702557772721125,0.877256006030542,1.31431335342502,1.05051068157371,1.1526868306923,0.866260014651909,1.06170043200178,0.932640954891343,0.901704870969436,0.818629580457006,0.712326528679134,0.612188441770129,0.679292390901848,0.654547053993308,0.705269684654346,1.16583696119748,0.471338082912461
"11",2020-07-19,0.410716333863651,0.663605869502152,0.901716180691917,1.53913968730333,0.918648177293281,1.34994664245229,0.545010476480324,0.697763658081084,0.79929821521745,0.880971289792749,0.777665255913736,0.524664222801681,1.7604412400167,0.797302141868331,0.955096383258143,0.826177996776954,0.959478700254543,0.619780666303665,0.681211133654064,0.917499158577672,1.27176699390755,0.7539301879706,1.00209671090489,0.984635971832902,0.506900154353291,0.807266748587229,0.669164733856748,1.25926514519616,0.975072135231576,0.590745324911919,0.48680501296897,1.16518162302115,1.4685419844661,0.890490691175952,0.695776390159084,0.890632681961618,1.83037057057278,0.750137882420431,1.53261777204357,0.934404449586103,0.63722072464984,0.868187866318951,0.735376597942719,0.82745331509512,0.935896612995135,0.865879302623395,0.804761364434574,0.703433944682185,0.696756920788854,0.999546980657485,0.783125467822972
"12",2020-07-26,0.421306385436489,0.706285359470956,0.869743822133605,1.52253861660372,0.865260100912495,1.41928926652948,0.533273346506813,0.617969312482964,0.645478062023367,0.93438838619444,0.881010318265658,0.570985366351371,1.9361685646785,0.838934164916707,0.929402515463055,0.883382987167402,1.02345720176395,0.680171959136601,0.518680972477333,0.883401115745433,1.67053561552599,0.664301978275501,1.04197794903045,0.996589773923372,0.415967296073541,0.529119694241999,0.624352435558053,1.24407706368915,0.988460204696821,0.558376968963337,0.465058427023209,1.2378307448433,1.52603775475314,0.903767560390285,0.683486687368388,0.877761675158146,1.82879287841217,0.60133399183943,1.47640413673896,0.857270834428725,0.409621243179163,0.858849737115096,0.642639266450045,0.798644437090808,0.935999178367549,0.965666158148113,0.797421767697779,0.773028564084321,0.735061475892044,0.85605085474738,0.8774051476199
"13",2020-08-02,0.429794671665441,0.673231335369967,0.834022996688886,1.36505274887309,0.799059614179959,1.29651936876718,0.548529102569255,0.587349260175832,0.667495282833596,0.871824709733762,0.809237679095767,0.585075782784142,1.68900562983612,0.841137180813257,0.861365775421645,0.859931847498197,0.992362144493148,0.745036451125294,0.555686312983358,0.831030246259314,1.67714190597663,0.659980097407716,0.96850806969883,0.933029654514099,0.412570051537521,0.514815896855372,0.634497771119759,1.12703099688361,0.915737911637911,0.583332183556951,0.48869370271319,1.18308369952559,1.39418762616763,0.855544162757638,0.697169311492893,0.820129478453829,1.64139173242096,0.633964896543631,1.29538291345863,0.767053678677189,0.40447564520808,0.893858337462254,0.63404807356544,0.772884858489479,0.878089250563488,0.942790666008553,0.728479968182904,0.794580338889466,0.712880737086503,0.818597903920772,0.834507986471669
"14",2020-08-09,0.438282957894392,0.640177311268979,0.798302171244166,1.20756688114246,0.732859127447423,1.17374947100489,0.563784858631696,0.5567292078687,0.689512503643825,0.809261033273084,0.737465039925876,0.599166199216912,1.44184269499373,0.843340196709808,0.793329035380235,0.836480707828992,0.961267087222346,0.809900943113987,0.592691653489384,0.778659376773194,1.68374819642727,0.655658216539931,0.895038190367211,0.869469535104825,0.409172807001502,0.500512099468744,0.644643106681466,1.00998493007808,0.843015618579001,0.608287398150565,0.512328978403171,1.12833665420788,1.26233749758211,0.807320765124992,0.710851935617399,0.762497281749513,1.45399058642974,0.666595801247833,1.1143616901783,0.676836522925653,0.399330047236998,0.928866937809413,0.625456880680834,0.74712527988815,0.820179322759427,0.919915173868994,0.659538168668029,0.81613211369461,0.690699998280961,0.781144953094164,0.791610825323438
"15",2020-08-16,0.446771244123344,0.60712328716799,0.762581345799446,1.05008101341183,0.666658640714887,1.05097957324259,0.579040614694138,0.526109155561568,0.711529724454054,0.746697356812406,0.665692400755986,0.613256615649683,1.19467976015135,0.845543212606358,0.725292295338826,0.813029568159787,0.930172029951543,0.87476543510268,0.629696993995409,0.726288507287075,1.69035448687792,0.651336335672145,0.821568311035592,0.805909415695552,0.405775562465482,0.486208302082116,0.654788442243172,0.892938863272547,0.77029332552009,0.633242612744179,0.535964254093152,1.07358960889016,1.1304873689966,0.759097367492345,0.724534559741904,0.704865085045197,1.26658944043853,0.699226705952034,0.933340466897966,0.586619367174117,0.394184449265916,0.963875538156571,0.616865687796229,0.721365701286821,0.762269394955366,0.897039681729435,0.590596369153154,0.837683888499755,0.66851925947542,0.743692002267557,0.748713664175207
"16",2020-08-23,0.455259530352295,0.574069263067001,0.726860520354727,0.892595145681201,0.600458153982351,0.928209675480298,0.59429637075658,0.495489103254435,0.733546945264284,0.684133680351727,0.593919761586095,0.627347032082454,0.947516825308961,0.847746228502908,0.657255555297416,0.789578428490582,0.899076972680741,0.939629927091373,0.666702334501434,0.673917637800955,1.69696077732856,0.64701445480436,0.748098431703973,0.742349296286279,0.402378317929462,0.471904504695488,0.664933777804878,0.775892796467014,0.69757103246118,0.658197827337793,0.559599529783133,1.01884256357245,0.998637240411086,0.710873969859698,0.738217183866409,0.647232888340881,1.07918829444732,0.731857610656236,0.752319243617633,0.496402211422581,0.389038851294834,0.998884138503729,0.608274494911624,0.695606122685492,0.704359467151305,0.874164189589876,0.521654569638279,0.859235663304899,0.646338520669879,0.706239051440949,0.705816503026976
"17",2020-08-30,0.463747816581246,0.541015238966012,0.691139694910007,0.735109277950571,0.534257667249814,0.805439777718003,0.609552126819022,0.464869050947303,0.755564166074513,0.621570003891049,0.522147122416204,0.641437448515225,0.700353890466575,0.849949244399458,0.589218815256006,0.766127288821377,0.867981915409939,1.00449441908007,0.70370767500746,0.621546768314835,1.70356706777921,0.642692573936575,0.674628552372354,0.678789176877006,0.398981073393443,0.45760070730886,0.675079113366585,0.658846729661481,0.62484873940227,0.683153041931407,0.583234805473113,0.964095518254737,0.866787111825571,0.662650572227052,0.751899807990914,0.589600691636564,0.891787148456101,0.764488515360437,0.5712980203373,0.406185055671045,0.383893253323752,1.03389273885089,0.599683302027018,0.669846544084163,0.646449539347244,0.851288697450316,0.452712770123404,0.880787438110043,0.624157781864337,0.668786100614341,0.662919341878745
"18",2020-09-06,0.53015295622949,0.675647629277116,0.870633872620615,0.651288430115127,0.559391960452997,0.794050810979971,0.927964873027687,0.380574563778974,0.633846491545815,0.649355221496901,0.628385543080808,0.671461264644963,0.745915338363466,0.849876326091007,0.649808409852127,0.672496546459918,0.815136495415116,0.997703002887225,0.667905777927297,0.631824785408435,1.32765944904931,0.663572280457635,0.664437604755404,0.618339560971915,0.504419444090949,0.627954880364429,0.660277914420538,0.550428482063499,0.570714608524504,0.855946404917905,0.608288238060386,0.938369619681269,0.78677513446848,0.648326576735751,0.738697783647078,0.743536555883148,0.962572582097333,0.793408816663256,0.539141468045276,0.481822110506706,0.534092243538943,0.956659564455374,0.631435752922299,0.669938913808199,0.592283745103601,0.779266014379788,0.823650819012672,0.802717361252906,0.569865116365072,0.548973498227594,0.897102092450832
"19",2020-09-13,0.60621090478095,0.838227755323568,1.08599721752378,0.579745085595547,0.599748716978799,0.801225332745982,1.29690378426072,0.287334337467111,0.488173001127296,0.692198588113841,0.764292473717828,0.704140647390863,0.84026418338357,0.849424085415057,0.731835726887836,0.56716920364975,0.758666014966289,0.978968935330795,0.619969341249436,0.652544283598654,0.887999512122661,0.688652251543504,0.664793145757565,0.558408362317522,0.627997083994043,0.82908538182703,0.6413189597232,0.443448204333443,0.519678504676928,1.05337945930322,0.63357803013054,0.917480578898509,0.715402848982792,0.639652481601342,0.721014984558519,0.932733763621548,1.07638911234397,0.821710684065845,0.531795694251302,0.585101533773567,0.710181998451846,0.860719427602749,0.669912144447561,0.674339941586462,0.538741973120029,0.699052132820764,1.2679021759693,0.708043642452056,0.51022046308352,0.415434287247491,1.17746482830964
"20",2020-09-20,0.620038115155346,0.783918880140385,0.810067869017065,0.642982924409323,0.637536882699183,0.84253845306713,1.12438307248388,0.387132538970485,0.578554924942593,0.675834487672567,0.570321200963325,0.758385271928102,0.841933335624539,0.74305795241561,0.700760553086445,0.618723076578234,0.78481261430951,0.860786883261462,0.628505835907307,0.793776222698831,1.07806242133962,0.696523516593389,0.764726825630798,0.550614905555023,0.777674571393076,0.885363009625191,0.723806575852221,0.526439911062753,0.572175449518747,0.942729452901002,0.796381623430349,0.998373819676789,0.785791568486058,0.730409072936357,0.709763128145566,0.839359388122532,1.24169129441579,0.798299930422906,0.468059819918181,0.563739673871902,0.664068688137069,0.673872055415588,0.588435120147579,0.68667255588776,0.738490860582745,0.709055350646742,0.945702622523976,0.810612288186027,0.482356161976886,0.634927864302598,1.04770776828357
"21",2020-09-27,0.623493535833566,0.693461838085597,0.452256404942041,0.728684293778657,0.674896949951998,0.889541339814135,0.861619090205388,0.519103811776399,0.70827941779686,0.649602476054924,0.321370227643567,0.816224103430566,0.828155872402319,0.619039504028914,0.650834964145538,0.696423818796494,0.824728726951404,0.726030167106645,0.6464544857878,0.955093568617334,1.37307913824717,0.70152666397061,0.881256861982543,0.551511072441172,0.931702033374766,0.917498491812612,0.823201953785636,0.641093615201956,0.641927902475464,0.780732269700868,0.982104183601767,1.09623077404858,0.87980712215415,0.837737445349609,0.69958309551188,0.698889748750613,1.41557441845847,0.766270406605714,0.394925595495203,0.521604266775484,0.580921533617679,0.471873477339338,0.486965859876722,0.70032710127623,0.980454857953177,0.734094751703554,0.495761250678329,0.946054661342468,0.459788586232739,0.913260239363574,0.849597408943354
"22",2020-10-04,0.659186961917943,0.769589980517625,0.588836120929596,0.741984472342549,0.767691856319328,0.750412165020419,0.752198899238844,0.589838790376421,0.809775126437678,0.610767854767513,0.373904189780829,0.794926494999782,0.792719014002693,0.681006896533093,0.635427841418418,0.970648370862894,1.25215987233323,0.631076564038698,0.697639256390557,0.786856879478795,1.98428721406367,0.936581479397357,0.723025893931782,0.632128470560425,0.843123436030039,0.899188541638278,0.811102600136736,0.606109318930722,0.744713880632439,0.722770395389233,0.938310460772996,0.872913434261634,0.778909306127167,0.690222499832583,0.75330079444218,0.936284562217051,1.24694892712465,0.732724324537715,0.39229599765512,0.659081483720029,0.52749139856472,0.614086781010947,0.66465653082674,0.734295499034232,0.950893964841488,0.714737100763023,0.625110429479961,0.845411147003394,0.454250506247705,0.792709145004744,0.693707400671907
"23",2020-10-11,0.700253388903347,0.873482320364122,0.807814366927581,0.7432177857722,0.869725902539077,0.580260979969916,0.66833600682429,0.650367719942128,0.906566037709589,0.569832798535141,0.476685641160928,0.760439479913458,0.753672256406833,0.77397192918575,0.625773796393596,1.27762689123732,1.74417685650505,0.542756813151896,0.754363380447025,0.563694517830748,2.64819384969832,1.20997823949903,0.51900142514727,0.726032740551864,0.714110495464244,0.872471019403652,0.780420791224117,0.546185355924414,0.85300544632279,0.682147739225681,0.856264024110859,0.596067045448238,0.645525928484338,0.500233667993843,0.817668115299812,1.23665678448988,1.02123866656142,0.698925482761249,0.401417170912187,0.826494138004734,0.479014100089499,0.813668731640533,0.888873856980236,0.771649538853822,0.876078923316113,0.687979941156268,0.851008033389473,0.705419984748402,0.451550675555856,0.605677472409279,0.544854117578589
"24",2020-10-18,0.676410883015526,0.719124617497625,0.732902677633027,0.830526351754978,0.922302800751706,0.659604444073427,0.699572469646261,0.688391848634102,0.793023702053291,0.708755532227195,0.551097414579904,0.785887653281303,0.91403883290886,0.750746842486433,0.725859981815764,1.12869078125181,1.44221838072578,0.540897712623443,0.772728042875128,0.813477151419239,2.06745902439443,0.956488971391791,0.521407171703355,0.792460040778124,0.573997236155883,0.826207905665173,0.687551629405918,0.519116704004771,0.687058912170895,0.824179201220056,0.80394096714495,0.667571736144417,0.827315904847077,0.655946773866201,0.691211218954435,1.0319238630757,0.958492111553613,0.799337693555887,0.601198976471048,0.827325872184667,0.412648340080471,0.971987355409495,0.78307018577534,0.771082276658376,0.779947610184916,0.747430305706665,0.952890174925129,0.722392598905541,0.567115779223397,0.620535242235778,0.491245756486223
"25",2020-10-25,0.641750221648835,0.521725240845629,0.609009332456382,0.932180793163278,0.966636840963149,0.780530349702608,0.749992158340985,0.722665177180454,0.644425825242292,0.877654564239988,0.620780908338693,0.821325024724843,1.10764096509387,0.708156735895119,0.844236205645764,0.903768899539643,1.00793066162134,0.553448720488049,0.784699461698504,1.14208395088049,1.27928395560078,0.615185365249738,0.558217954149541,0.854307846043522,0.432033923723761,0.776687193342719,0.584317908770122,0.497523937266239,0.475406028045292,0.996653016240752,0.756571806795079,0.797134940092191,1.06163477354408,0.869276869357076,0.532950286408558,0.743006751047015,0.922906174138377,0.922118413112376,0.832757554080207,0.800394119680472,0.343301169815809,1.12342875803502,0.622263015010712,0.764194797460423,0.680263585119415,0.82124859094992,1.03410307273181,0.765525842464703,0.702391705284168,0.669041252465938,0.453511549060683
"26",2020-11-01,0.640936739086054,0.739751404094881,0.721628266178686,1.04919743035299,0.995888030196095,0.896326358618211,0.820255875475975,1.1624477336976,0.758741584871595,0.875562348457627,1.54091528689566,1.36155261202008,1.26562532443658,0.683724010801108,0.952119199841981,1.28555526058011,0.988726605620239,0.810430945560354,0.901055703972313,0.920924267237129,1.13987797981703,0.712350936950456,0.869262192648025,1.12969101939409,1.0112453364177,1.21702114798943,1.28611016504805,0.498438566198792,0.714691247791374,0.805370241608854,0.832318363040109,0.989232401622004,1.03588617368664,0.850965306530422,0.793100919731275,1.29373720522722,0.961872205599132,1.11825662282781,0.874588168005415,1.16038747513294,0.62734680361209,0.931130794440674,0.881592101397498,0.887988595281046,0.828399390233702,0.815659935712802,1.92272711312815,0.872865010630496,1.10424588440532,0.611951564138245,0.422427094224506
"27",2020-11-08,0.64576445299059,1.02701515732767,0.873665913050815,1.16877443350627,1.02262541093263,1.01126738474822,0.893826930684342,1.66981516154322,0.916876283907614,0.844971591376075,2.60279147958566,1.98591190195727,1.41767338830558,0.662317515956647,1.05825332243257,1.76845966207935,1.03870316013636,1.10815170683394,1.03480941682119,0.608136836409671,1.1086001862016,0.882594704958303,1.22601200715523,1.44066342075885,1.71065253663265,1.738997547131,2.12207341747827,0.503104427743194,1.02913281818274,0.553461368701524,0.928584205384289,1.19175223941549,0.966792995736804,0.794046800650846,1.12298681403209,1.98440892044225,1.01326356520589,1.32662108090306,0.884797454649966,1.58486834857819,0.970291238085194,0.68154293647635,1.21094389730952,1.0335626059381,1.01783850037795,0.796836790395622,2.94591967728943,0.990905166230728,1.55052977236986,0.537262592717577,0.392450931486556
"28",2020-11-15,0.992589306489289,1.05819742739985,0.765004258709833,1.18647009683386,1.07716676872813,1.20645965879427,0.792932322698787,1.31745745569115,1.01650626250523,0.94354326501803,1.86181866275552,1.58277560937968,1.09554351276498,0.739574003013849,0.917840108948265,1.38326426425365,0.914370909660221,0.923860927662665,0.926444619803182,0.671304247752373,0.981692886125384,0.863971921063254,1.35008393186396,1.18327489017492,1.3669004471652,1.49352572383831,1.68125231921397,0.803945806609564,1.01905721544146,0.659518697775288,0.975289092197267,1.08869205003474,1.20620359380342,0.84360926023403,1.39209102354489,1.66797489066276,0.956495340690751,1.15434715478009,0.904471071966896,1.22976291768945,0.970295492571329,0.838305313649097,1.15972170484507,1.02226779074659,1.09055884915174,0.770915946774778,2.20367689284216,0.916826355270168,1.18291650836375,0.954284459318808,0.819953431294917
"29",2020-11-22,1.39641368325368,1.04669945027858,0.612892720833333,1.18718553685716,1.13634212270012,1.41502714082632,0.662960104180912,0.821812227556137,1.1063854543631,1.06364201044724,0.820371011005359,1.00839005304962,0.69438398065611,0.833274320387996,0.736335672784813,0.853385566540461,0.760987191685369,0.659234891750578,0.777726737807355,0.797130799456769,0.838847334972376,0.813871378517723,1.43537620827294,0.831159537599547,0.849288476084026,1.12014586347325,1.02763382916726,1.15414977169626,0.954895417178087,0.825237060512568,1.01373381975504,0.934701856124941,1.49703148787277,0.910918547394341,1.65106495225969,1.18368990338419,0.88170051882197,0.918633497957412,0.925722077729222,0.744726436078384,0.91314305039297,1.06279273001136,1.04507051431787,0.98482817124698,1.14382607103045,0.743812153436658,1.16719488362681,0.810727716549475,0.679653719029194,1.45325813225702,1.323702374861
"30",2020-11-29,1.38730440076831,0.794032392650789,0.728039233553634,1.0697061936572,1.01453267324472,1.25767367243146,0.765536017418547,0.865764679767431,1.29332437900794,0.983706023240231,0.53942956492942,0.954810580424957,0.827240609735757,0.802535711812761,0.994341100178458,0.778370287109966,0.69540542433068,0.976366291792473,0.765302327557178,0.845925816289955,0.959358083191334,0.882380560543076,1.25501005488847,0.723775139349513,0.677153858908091,1.03867429102584,0.735479612777213,1.06349619069791,0.998622750794619,1.37997439413241,1.05155869424518,0.820989965269311,1.27030565882975,1.02026652469117,1.53947556736881,0.898258968672897,0.811046637354161,1.09151383231327,1.09041956141156,0.523537314748432,0.64384039835394,1.2311164035519,1.05313723766838,0.965239965611151,0.932906466905794,0.768914517802811,0.990064475719348,0.955800161381291,0.771579820323703,1.62370312489441,1.56846988663069
"31",2020-12-06,1.30937284174132,0.501170488271909,0.887728754706735,0.932527719920025,0.86255908988475,1.03933337896545,0.906869952615434,0.99965007870311,1.49643992578394,0.870430913927191,0.385239153132518,0.988032121751188,1.04909993234682,0.751057282245962,1.32559817149828,0.779165577393254,0.644457315412685,1.39045726449337,0.775593495931276,0.881882243977939,1.12376154797229,0.97065802999691,1.03036749653841,0.657179233487035,0.562598800716362,1.00585409989804,0.503569441996614,0.899366352018717,1.06033160639114,1.99954822289934,1.0892802598907,0.713991124922709,0.95732087593467,1.13662095034408,1.36612563021033,0.645970376056145,0.741082912619848,1.33249316519889,1.27902479141389,0.346322753465333,0.339179378004798,1.39007945328883,1.08165694666519,0.948626995619284,0.677955725113911,0.80271790845301,0.956159334696539,1.14273445347186,0.962704070056388,1.73939333748165,1.77007382643432
"32",2020-12-13,1.16708874760144,0.52083962193707,0.765655595315535,0.923200280402355,0.867006955908438,1.17462168758114,0.917048565044291,1.32487309923177,1.22506388070177,0.901772803574972,0.516500584988782,1.18225400807485,1.11146580708909,0.795464719767495,1.16099194168358,0.7901842070934,0.853521199210141,1.32424953891719,1.04429717704738,0.984588976104251,1.7272425574165,0.992525547818593,0.990500115223699,0.629746739063624,0.54066642834069,0.90334094335435,0.527699220861019,0.649744221222617,0.752535524101447,1.53520693434452,1.03264427691511,0.880955713783818,0.946028330230072,0.816479650954754,1.39003791253435,0.866089541323499,0.913250495707638,1.19435369174336,1.20510713153831,0.459376048687047,0.601137230232429,1.42964001018268,0.901692243667351,0.914427532062942,0.777214232297239,0.94257388079043,1.06581006332786,1.18590853544736,0.970202507004094,1.16780669891729,1.56045829929176
"33",2020-12-20,1.01407923094274,0.592597261942903,0.596621989166951,0.935181346587935,0.89752506349607,1.36884809654378,0.905367957011809,1.68198572335926,0.874605903643226,0.957217526382891,0.695337324120573,1.40330928523142,1.1472494405199,0.855853135137084,0.913741828346461,0.802906726696357,1.10592041512684,1.17799203029484,1.35606961028715,1.09842075897028,2.40390315763792,1.00332474036825,0.981428596748209,0.608841479880058,0.534171170267694,0.789212292574676,0.594502324666257,0.3858733750737,0.383155285497389,0.89021312623607,0.960282035835992,1.09358087417954,0.985017824057222,0.423589064058388,1.4468272314388,1.16494333290487,1.12577329676578,0.993027750564301,1.08743565668307,0.620807319992898,0.957531561222855,1.44930015160268,0.686980138670406,0.877296986245854,0.935507614309769,1.10010528340906,1.19938677023487,1.20512258240369,0.94709664182097,0.481673918494326,1.28230619432484
"34",2020-12-27,1.01255916591982,0.72403114773777,0.682356489967677,0.904732721575982,0.907816435932226,1.32032516422675,1.00632019809891,1.52468192265938,0.773864074148645,0.951068531850705,0.663823322101181,1.24057272517745,1.05231039765739,0.933290511783005,0.815332393137188,0.789906125629871,1.04871470869887,1.03992801804955,1.26818661368786,0.992231156333293,2.30192132196856,1.14025296921941,0.97183344557504,0.582303083126864,0.641391290384957,0.766444494637309,0.684595405109714,0.452009824053596,0.432611762271463,0.824381495255876,0.90479597341332,1.05431079072653,0.890315048563085,0.441333812782229,1.30378737467371,1.1311142352514,1.20173879080993,0.984044451329462,1.05457737987911,0.622130987323222,0.924843359971093,1.30139181950915,0.640412460047985,0.864602363119584,1.0150317342513,1.22722202088167,1.437125708327,1.13833382245633,0.955052514794833,0.503130312810193,1.38892592894728
"35",2021-01-03,1.0362873428362,0.865411074497475,0.810552341926621,0.867212481364441,0.914736685843135,1.23134400836312,1.12604458070594,1.28164205115494,0.714741602581391,0.934653917761835,0.597250863223258,1.01387085892172,0.935584242079333,1.01356938197498,0.741729737615889,0.772618337785145,0.939908181880121,0.903229588533776,1.11369437878207,0.849371322779131,2.07016574698408,1.29820270412083,0.962151022285591,0.554825830112066,0.767563973533931,0.758903505506994,0.778570148326207,0.573147488888293,0.551874358275225,0.855076893797058,0.852122607433387,0.973058166632048,0.773330228182066,0.527517784109439,1.12744265529704,1.04183798939213,1.25494473368509,1.00711825908533,1.03585463608369,0.596770053990959,0.8273080700123,1.1255554084967,0.621868852487986,0.855980393775116,1.08142764384766,1.34926964749662,1.69222501828331,1.05721126135837,0.968185344128194,0.642518236249198,1.55967430350128
"36",2021-01-10,1.06001551975257,1.00679100125718,0.938748193885564,0.8296922411529,0.921656935754045,1.14236285249949,1.24576896331297,1.0386021796505,0.655619131014137,0.918239303672966,0.530678404345335,0.787168992665987,0.818858086501275,1.09384825216696,0.66812708209459,0.755330549940418,0.831101655061373,0.766531159017997,0.95920214387627,0.706511489224969,1.83841017199959,1.45615243902224,0.952468598996141,0.527348577097267,0.893736656682904,0.751362516376678,0.872544891542701,0.694285153722991,0.671136954278988,0.88577229233824,0.799449241453455,0.891805542537571,0.656345407801047,0.613701755436648,0.951097935920367,0.952561743532856,1.30815067656025,1.03019206684119,1.01713189228827,0.571409120658695,0.729772780053507,0.949718997484256,0.603325244927987,0.847358424430649,1.14782355344403,1.47131727411157,1.94732432823963,0.976088700260401,0.981318173461555,0.781906159688203,1.73042267805528
"37",2021-01-17,1.08374369666895,1.14817092801689,1.06694404584451,0.792172000941358,0.928577185664954,1.05338169663585,1.36549334591999,0.795562308146059,0.596496659446883,0.901824689584097,0.464105945467412,0.560467126410258,0.702131930923217,1.17412712235893,0.594524426573291,0.738042762095692,0.722295128242626,0.629832729502219,0.804709908970475,0.563651655670808,1.60665459701511,1.61410217392365,0.942786175706692,0.499871324082469,1.01990933983188,0.743821527246363,0.966519634759194,0.815422818557689,0.790399550282751,0.916467690879421,0.746775875473523,0.810552918443094,0.539360587420028,0.699885726763858,0.774753216543694,0.863285497673583,1.36135661943541,1.05326587459705,0.998409148492845,0.546048187326432,0.632237490094714,0.773882586471807,0.584781637367988,0.838736455086181,1.21421946304039,1.59336490072652,2.20242363819594,0.894966139162435,0.994451002794916,0.921294083127209,1.90117105260927
"38",2021-01-24,0.930580576027996,1.0663708768815,0.9758397680064,0.809398399678664,0.91247428320191,1.06921250706887,1.38563655378886,1.00337706751817,0.609585320972055,1.16260654243916,0.617787800177318,0.81909903480477,0.71941449667366,1.08078930240733,1.12676557574341,0.885233909230305,0.717586461779972,0.540770822677607,0.845261026302254,0.871070504874077,1.10429372235002,1.3239331567992,1.13162960017592,0.619222107023571,0.826905534395293,1.04892406952855,1.10222002437104,0.670028182446219,0.674476433052692,0.917751749669792,0.636542859637361,1.146415320411,0.624646606250381,0.789524560584973,0.821778533272056,0.9790083438025,1.0717597444297,0.995355445499669,0.884069408512004,0.522865649232194,0.553288462588579,0.868565702166107,0.76901277914922,0.87100020970135,1.07310869736971,1.31645972767143,1.47545224726945,0.971835307209926,0.853878045242361,0.706420066731672,1.28659430132569
"39",2021-01-31,0.747935572460823,0.947374162763598,0.848185468535451,0.835749238240777,0.892534188676541,1.10251197855132,1.38918289920136,1.28633426536972,0.634709171345966,1.46958780645154,0.808178707151863,1.15861990564099,0.759031849312188,0.958515367431802,1.75998069236209,1.05983821219481,0.73022743871,0.459648336301523,0.918319369006962,1.25353580120359,0.556831964404835,0.959077681003779,1.35356066593825,0.763044229290657,0.580705647527782,1.40613386704616,1.24487468838211,0.480211496177054,0.51935569695033,0.914133918501693,0.516716568825161,1.55179689338931,0.743644431615963,0.87973920482174,0.906032189351257,1.12889770526278,0.72502906644383,0.923947643593411,0.75379350250026,0.50004617701096,0.477437145491221,1.00833540564486,0.987039712487324,0.910078251643125,0.897413485821184,0.973062421337987,0.584802406195828,1.07503643011499,0.687687456542153,0.432502393697045,0.541130029069165
"40",2021-02-07,0.7153508919272,0.848982384439938,0.846242071673089,0.854582987563759,0.866892674034341,0.950582171293748,1.30522002106119,1.13455677522697,0.808081502720876,1.2709835590744,0.755672633539144,1.00431793090046,0.656344083107996,0.771416548728247,1.46090378581621,0.881794964446952,0.744659090797725,0.500594313563296,1.09517447589039,1.07310441606014,0.746507624204974,1.10165374736556,1.07150288455173,0.800048614011529,0.526318057932081,1.14729722454727,1.07973650221908,0.548545813659002,0.557560718665505,0.840538429588587,0.593874985951502,1.50718427987474,0.803169549505956,0.952377499059292,0.89474832781437,0.949291373680731,0.988580829698169,1.03588124970992,0.556721947414653,0.531254558823626,0.893396682141071,0.882004031322756,0.960003380191256,0.896711140065077,0.876628487512661,0.826760290840759,0.524573008313776,1.14360234474383,0.807390181123208,0.696859493340213,0.684292925802876
"41",2021-02-14,0.707776265232501,0.754024762081985,0.865250491912159,0.872163888680219,0.840300922706002,0.7677808175795,1.20667227232891,0.910323503751847,1.00616191426262,0.988115059799001,0.662683729828548,0.767712148563808,0.529938797096683,0.573513582736688,1.00644487540957,0.644977124913702,0.759389188745067,0.561885034764711,1.28932904347026,0.798856917337859,1.059039520296,1.3288017374202,0.705446961973736,0.819250042474701,0.503899184548347,0.785786175378961,0.863299507693694,0.659905298432802,0.627986700016935,0.755279997717979,0.703864187734268,1.38757263527804,0.852782549483352,1.02208640163031,0.867541546674802,0.714769093258292,1.35384633315921,1.17837175716356,0.348517784150069,0.571467582975274,1.39132469441546,0.711322477367168,0.892123170289494,0.874603169567059,0.881661858077472,0.713307356316232,0.602747017630318,1.20639572465996,0.97474179125114,1.05092905509635,0.975560350701627
"42",2021-02-21,0.622524549752599,0.655258521150281,1.36493801907458,0.758620466985966,0.765165226204005,0.898417840816327,0.991755034924077,0.844485817470714,0.896042049848885,0.831849517475008,0.573948628624332,0.677346556774431,0.624998549724359,0.911969100994174,1.01260917322121,0.665343472424166,0.93492545093312,0.936930600203817,1.10392595236424,0.932892362462745,0.969754913283522,1.10450835998237,0.62846402433219,1.04290693097291,0.903463650535742,0.675628733514969,1.11114179953203,0.804620305224481,0.568882066898371,0.766841155637207,0.740764509654787,1.07908828313713,0.984861598312211,0.887179133155346,1.28185652599899,1.00403192813162,1.24298538732473,1.0604569715994,0.528631167128455,0.522462248538085,1.0439493757179,0.687763932594736,0.844360502165944,0.860434091081238,0.849722007308391,0.70346939094416,1.02748486310712,1.16324401122831,0.8303221135868,0.888154755756833,2.11789894623807
"43",2021-02-28,0.524326652808496,0.555857510456286,1.94473873072422,0.623222991489929,0.681938872173065,1.081294593545,0.757442882740488,0.805047395388579,0.734555472775904,0.696684467976249,0.485922494504512,0.611354330076267,0.7569691421252,1.33981769995983,1.09554400573589,0.728573851108581,1.13726274049462,1.36426863968254,0.855263251477229,1.13497496489549,0.813500889087127,0.804974754629116,0.599659917513386,1.30063972947696,1.37335867308499,0.60736355953503,1.43636397243098,0.954894565685805,0.488188998034808,0.79453891185474,0.765483351598266,0.739125146405514,1.13068498861631,0.718169169506054,1.76975846540047,1.38059228222092,1.05277003327434,0.899141303865617,0.773464141147336,0.458587187669423,0.555690168525027,0.688725889352829,0.799950757672097,0.847588161264117,0.811619952983662,0.710900587097496,1.50998334794396,1.1024347822387,0.633940554623747,0.639239812901376,3.40208273688079
"44",2021-03-07,0.615217131817824,0.561322798118786,1.51122557503945,0.720857825603523,0.692615842397553,1.19342124314392,0.702188678924244,0.584100969880681,0.918622985728315,0.696696723001268,0.451826488684653,0.689543180277767,0.985905428725991,1.07804949248722,1.07036586601186,0.689975372727707,0.986183280086206,1.38162386531781,0.762574976771297,1.3559366159584,1.11036846795229,0.795012630879347,0.547064862631853,1.11960783542139,0.996925562172245,0.874567631993977,1.17236995124747,0.727734930186053,0.501741960551163,0.756042662477381,0.736602629066073,0.669295240428101,0.898000633342233,0.556438061911356,1.41293861239495,1.31044801864949,1.13756831014509,1.00258283556719,0.925518450908881,0.384394795991338,0.394312832488743,0.660757403596962,0.727844783033719,0.804150241159718,0.683915976207149,0.695104645757436,1.28804746640619,0.946779544344761,0.638296661761153,0.808796108551569,2.48782641833602
"45",2021-03-14,0.737622340152725,0.584265802174037,0.90882677479894,0.857331377985388,0.718943366664613,1.29375620888788,0.676777466502557,0.33290321046849,1.16028284701829,0.71923852878025,0.426718837581454,0.791762209962543,1.23100266436011,0.701345150608234,1.02716889758139,0.634405418169285,0.776201028016133,1.33064862197918,0.695882439762212,1.58004477512633,1.48275631399439,0.833312420730157,0.490504649739864,0.865448492605895,0.479437762349165,1.19768324552607,0.81017323105022,0.437669645359455,0.531002594964171,0.706514078834207,0.698788645787936,0.644487539576387,0.602231653805122,0.395920096992423,0.915331793988263,1.16585298546794,1.26820219216937,1.15015056717467,1.06210964996087,0.308482849178348,0.287415808311892,0.627967177422103,0.65112277003792,0.755613656007439,0.541278345688673,0.675437514835143,0.948705857139311,0.775316638300099,0.676109046581967,1.04809761061937,1.20716341492668
"46",2021-03-21,0.870812248007684,0.706418093143122,0.766965189438913,0.87617313871265,0.853659584433907,1.13152970561657,0.893982418202399,0.635618418634209,0.921351238479638,0.683542666260528,0.427364341661307,0.722763767590084,0.898727272381597,0.759831307308435,0.85471462903023,0.73479162568046,0.895692585258172,0.910988830764138,0.66347676856218,1.09812062556733,1.32064960201482,0.967940710358914,0.630016920243378,0.696326784267527,0.308856957651777,1.04040445482149,0.807640560042522,0.367106249147863,0.581383372829075,0.816929315723704,0.594116539942143,1.01870989559926,0.542535195257313,0.763088966408509,0.691785078279894,0.890207135656741,0.970291859329403,1.02434586151465,0.960927244798211,0.411815944767938,0.223522844439268,0.731901769963186,0.618108640071466,0.752696739057605,0.469883317364257,0.678582821228776,1.36886456349481,0.718993640603751,0.979125589775784,1.57462634142993,0.965520568856581
"47",2021-03-28,1.00579960578265,0.845105265264513,0.701859806558968,0.875409600830811,1.00644058445357,0.925542957509384,1.15162339725583,1.03065245472958,0.602321051636214,0.638140525691022,0.432302038271668,0.625229079874752,0.470223109134317,0.890849213771834,0.660717477125626,0.861170526869901,1.07009644405223,0.429881614903033,0.63678557499699,0.498524424553852,1.06946046369831,1.11862374995066,0.802207937979477,0.541378015008681,0.196093985475338,0.803059930077454,0.865051897233084,0.333126501038771,0.635284174602628,0.954001856035312,0.478301413668407,1.45943726110123,0.522184156874388,1.2182056415471,0.513915046354577,0.592719483073935,0.600957490678723,0.852979082976715,0.820115905599776,0.545023214091292,0.166797223950682,0.85862383229026,0.59237915727657,0.757383100141512,0.410362056072184,0.685530200508397,1.91560665578737,0.681860627632121,1.32634282603177,2.14902627703095,0.897047749009694
