"State","hitdiffs","date_end","anxdiffs"
"AK",-20,2020-05-17,-0.147601833000378
"AK",-15,2020-05-24,0.363180988834407
"AK",4,2020-05-31,-0.106921987904972
"AK",2,2020-06-21,-0.311567726971764
"AK",10,2020-08-16,0.00848828622895204
"AK",8,2020-10-18,-0.023842505887821
"AK",73,2020-11-08,0.00482771390453607
"AK",-65,2020-11-15,0.346824853498699
"AK",12,2020-11-22,0.403824376764391
"AK",-3,2020-11-29,-0.00910928248537002
"AK",-12,2020-12-06,-0.07793155902699
"AK",7,2020-12-13,-0.14228409413988
"AK",21,2020-12-20,-0.1530095166587
"AK",-12,2020-12-27,-0.0015200650229199
"AK",0,2021-01-03,0.02372817691638
"AK",14,2021-01-10,0.02372817691637
"AK",-50,2021-01-31,-0.182645003567173
"AK",-4,2021-02-07,-0.032584680533623
"AK",1,2021-03-07,0.090890479009328
"AK",-17,2021-03-28,0.134987357774966
"AL",13,2020-05-17,-0.306280575185245
"AL",-1,2020-05-24,-0.190494785217348
"AL",4,2020-05-31,-0.0603315489790969
"AL",26,2020-06-07,0.164572667879935
"AL",-18,2020-06-14,0.14864798576118
"AL",17,2020-06-21,-0.245631112305966
"AL",-1,2020-06-28,-0.036308507779173
"AL",-1,2020-07-05,-0.0487907977696529
"AL",-15,2020-07-12,0.004499302548928
"AL",-26,2020-07-19,0.180032139430041
"AL",-41,2020-08-09,-0.033054024100988
"AL",6,2020-08-16,-0.033054024100989
"AL",11,2020-08-23,-0.033054024100989
"AL",-10,2020-08-30,-0.033054024100989
"AL",8,2020-09-06,0.134632390311104
"AL",1,2020-09-13,0.162580126046452
"AL",9,2020-09-20,-0.0543088751831829
"AL",-10,2020-09-27,-0.090457042054788
"AL",25,2020-10-04,0.0761281424320279
"AL",-23,2020-10-11,0.103892339846497
"AL",7,2020-10-18,-0.154357702866497
"AL",-9,2020-10-25,-0.197399376651996
"AL",0,2020-11-01,0.218026163249252
"AL",17,2020-11-08,0.287263753232789
"AL",-23,2020-11-15,0.03118227007218
"AL",6,2020-11-22,-0.01149797712127
"AL",-14,2020-11-29,-0.252667057627791
"AL",3,2020-12-06,-0.29286190437888
"AL",8,2020-12-13,0.019669133665161
"AL",12,2020-12-20,0.071757640005833
"AL",-22,2020-12-27,0.131433885794867
"AL",23,2021-01-03,0.141379926759705
"AL",-11,2021-01-10,0.141379926759705
"AL",22,2021-01-17,0.14137992675971
"AL",12,2021-01-24,-0.08180005113539
"AL",-4,2021-01-31,-0.118996714117902
"AL",-15,2021-02-07,-0.09839177832366
"AL",-18,2021-02-14,-0.094957622357953
"AL",13,2021-02-21,-0.0987662409317039
"AL",-6,2021-02-28,-0.0994010106939951
"AL",44,2021-03-07,0.0054652876625001
"AL",-42,2021-03-14,0.022943004055251
"AL",2,2021-03-21,0.122152290969085
"AL",1,2021-03-28,0.138687172121391
"AR",20,2020-05-17,-0.248316290805594
"AR",1,2020-05-24,0.146206166138416
"AR",19,2020-05-31,0.447257834313579
"AR",10,2020-06-07,-0.378944785807299
"AR",-32,2020-06-14,-0.058824744132875
"AR",21,2020-06-21,-0.09079487029234
"AR",-17,2020-06-28,0.102396290650374
"AR",-1,2020-07-05,0.223876990309892
"AR",23,2020-07-12,0.001885121823473
"AR",-38,2020-07-19,-0.040820965655408
"AR",9,2020-07-26,-0.0319723585583119
"AR",9,2020-08-02,-0.035720825444719
"AR",-37,2020-08-09,-0.03572082544472
"AR",4,2020-08-16,-0.03572082544472
"AR",2,2020-08-23,-0.035720825444719
"AR",7,2020-08-30,-0.03572082544472
"AR",-5,2020-09-06,0.179494177710608
"AR",8,2020-09-13,0.215363344903165
"AR",9,2020-09-20,-0.275929348506715
"AR",14,2020-09-27,-0.357811464075024
"AR",-12,2020-10-04,0.136579715987555
"AR",-14,2020-10-11,0.218978245997985
"AR",2,2020-10-18,-0.0749116892945541
"AR",32,2020-10-25,-0.123893345176645
"AR",-25,2020-11-01,0.112618933722304
"AR",44,2020-11-08,0.152037646872129
"AR",-41,2020-11-15,-0.108661654340982
"AR",4,2020-11-22,-0.1521115378765
"AR",-23,2020-11-29,0.115146512720301
"AR",3,2020-12-06,0.159689521153101
"AR",2,2020-12-13,-0.1220731593912
"AR",14,2020-12-20,-0.169033606148584
"AR",32,2020-12-27,0.085734500800726
"AR",-10,2021-01-03,0.128195851958944
"AR",4,2021-01-10,0.128195851958943
"AR",-8,2021-01-17,0.128195851958946
"AR",-24,2021-01-24,-0.09110427783811
"AR",0,2021-01-31,-0.127654299470949
"AR",27,2021-02-07,-0.001943396862362
"AR",-23,2021-02-14,0.01900842023907
"AR",-15,2021-02-21,0.499687527162421
"AR",15,2021-02-28,0.57980071164964
"AR",14,2021-03-07,-0.43351315568477
"AR",-15,2021-03-14,-0.60239880024051
"AR",10,2021-03-21,-0.141861585360027
"AR",-18,2021-03-28,-0.0651053828799451
"AZ",7,2020-05-17,-0.226138727168619
"AZ",-2,2020-05-24,-0.147325379669632
"AZ",2,2020-05-31,-0.196072074762807
"AZ",36,2020-06-07,0.0294859057674851
"AZ",-15,2020-06-14,-0.091991205256117
"AZ",24,2020-06-21,0.311254853643635
"AZ",-42,2020-06-28,0.160021079176797
"AZ",42,2020-07-05,-0.139480485302177
"AZ",-1,2020-07-12,0.377108534560555
"AZ",-55,2020-07-19,0.41380359654645
"AZ",16,2020-07-26,-0.01660107069961
"AZ",12,2020-08-02,-0.15748586773063
"AZ",-57,2020-08-09,-0.15748586773063
"AZ",-4,2020-08-16,-0.15748586773063
"AZ",1,2020-08-23,-0.157485867730629
"AZ",-6,2020-08-30,-0.15748586773063
"AZ",4,2020-09-06,-0.083820847835444
"AZ",1,2020-09-13,-0.07154334451958
"AZ",39,2020-09-20,0.063237838813776
"AZ",-28,2020-09-27,0.0857013693693339
"AZ",1,2020-10-04,0.0133001785638921
"AZ",26,2020-10-11,0.00123331342965094
"AZ",-10,2020-10-18,0.087308565982778
"AZ",-4,2020-10-25,0.1016544414083
"AZ",4,2020-11-01,0.117016637189712
"AZ",25,2020-11-08,0.11957700315328
"AZ",-32,2020-11-15,0.01769566332759
"AZ",34,2020-11-22,0.00071544002330004
"AZ",-20,2020-11-29,-0.11747934319996
"AZ",-20,2020-12-06,-0.137178473737175
"AZ",7,2020-12-13,-0.00932743951767001
"AZ",16,2020-12-20,0.0119810661855799
"AZ",8,2020-12-27,-0.030448625011953
"AZ",12,2021-01-03,-0.037520240211541
"AZ",-18,2021-01-10,-0.037520240211541
"AZ",-13,2021-01-17,-0.037520240211542
"AZ",-3,2021-01-24,0.017226398737306
"AZ",24,2021-01-31,0.026350838562113
"AZ",-12,2021-02-07,0.018833749322982
"AZ",-11,2021-02-14,0.01758090111646
"AZ",-7,2021-02-21,-0.113543421694253
"AZ",26,2021-02-28,-0.135397475496037
"AZ",-25,2021-03-07,0.097634834113594
"AZ",15,2021-03-14,0.136473552381865
"AZ",24,2021-03-21,0.018841760727262
"AZ",-40,2021-03-28,-0.000763537881839027
"CA",6,2020-05-17,0.0778759910116821
"CA",-11,2020-05-24,-0.118298251995635
"CA",1,2020-05-31,0.087783413991082
"CA",36,2020-06-07,0.0229589614619939
"CA",-37,2020-06-14,-0.00567353938366699
"CA",13,2020-06-21,0.031007381401442
"CA",24,2020-06-28,-0.167073736258681
"CA",-15,2020-07-05,0.012740278107063
"CA",-5,2020-07-12,0.265092325195748
"CA",20,2020-07-19,0.0773473076161699
"CA",-12,2020-07-26,-0.053388076380786
"CA",3,2020-08-02,-0.066200486732536
"CA",-80,2020-08-09,-0.066200486732536
"CA",6,2020-08-16,-0.066200486732536
"CA",-6,2020-08-23,-0.066200486732536
"CA",-3,2020-08-30,-0.066200486732537
"CA",2,2020-09-06,0.0251342932031829
"CA",1,2020-09-13,0.040356756525802
"CA",16,2020-09-20,0.037788165720384
"CA",-7,2020-09-27,0.037360067252815
"CA",17,2020-10-04,0.09279490636733
"CA",-1,2020-10-11,0.102034046219749
"CA",3,2020-10-18,0.052576898212629
"CA",-6,2020-10-25,0.0443340402114429
"CA",15,2020-11-01,0.029251189232946
"CA",3,2020-11-08,0.0267373807365351
"CA",-3,2020-11-15,0.0545413577955001
"CA",52,2020-11-22,0.0591753539719899
"CA",-49,2020-11-29,-0.1218094494554
"CA",49,2020-12-06,-0.15197358335997
"CA",0,2020-12-13,0.00444786602368796
"CA",0,2020-12-20,0.030518107587632
"CA",0,2020-12-27,0.0102913724361561
"CA",0,2021-01-03,0.00692024991090889
"CA",-39,2021-01-10,0.00692024991091
"CA",-6,2021-01-17,0.006920249910909
"CA",1,2021-01-24,-0.0161029024630439
"CA",44,2021-01-31,-0.019940094525369
"CA",-64,2021-02-07,-0.0256415146422
"CA",-5,2021-02-14,-0.026591751328339
"CA",4,2021-02-21,-0.075135696501997
"CA",17,2021-02-28,-0.0832263540309399
"CA",0,2021-03-07,0.010676970224488
"CA",-19,2021-03-14,0.02632752426706
"CA",39,2021-03-21,0.134716217769294
"CA",-39,2021-03-28,0.152781000019663
"CO",-33,2020-05-17,0.141251977215647
"CO",16,2020-05-24,-0.10974122812919
"CO",-2,2020-05-31,-0.000538554406662062
"CO",-9,2020-06-07,0.39288250752228
"CO",-3,2020-06-14,0.149672882463524
"CO",-6,2020-06-21,-0.443763622988723
"CO",23,2020-06-28,0.152004802253757
"CO",-30,2020-07-05,0.096377624928762
"CO",8,2020-07-12,0.0712539262119189
"CO",3,2020-07-19,0.426812673366975
"CO",6,2020-07-26,0.0693426240771902
"CO",25,2020-08-02,-0.1227698977623
"CO",-56,2020-08-09,-0.12276989776229
"CO",11,2020-08-16,-0.1227698977623
"CO",-12,2020-08-23,-0.122769897762292
"CO",1,2020-08-30,-0.122769897762295
"CO",5,2020-09-06,-0.011388966738032
"CO",0,2020-09-13,0.00717452176601097
"CO",15,2020-09-20,0.0413131203211481
"CO",-6,2020-09-27,0.0470028867470049
"CO",3,2020-10-04,-0.139129174793716
"CO",0,2020-10-11,-0.170151185050503
"CO",28,2020-10-18,0.079343464103511
"CO",-13,2020-10-25,0.120925905629181
"CO",39,2020-11-01,0.115796008915603
"CO",17,2020-11-08,0.114941026130009
"CO",-56,2020-11-15,0.19519227404605
"CO",32,2020-11-22,0.20856748203205
"CO",-43,2020-11-29,-0.15735346839486
"CO",-8,2020-12-06,-0.21834029346601
"CO",4,2020-12-13,0.13528830861569
"CO",16,2020-12-20,0.19422640896264
"CO",-9,2020-12-27,-0.04852293231703
"CO",16,2021-01-03,-0.08898115586363
"CO",-2,2021-01-10,-0.08898115586363
"CO",-10,2021-01-17,-0.08898115586364
"CO",5,2021-01-24,0.01583081043302
"CO",3,2021-01-31,0.0332994714824499
"CO",3,2021-02-07,-0.151929807257572
"CO",-27,2021-02-14,-0.182801353714248
"CO",9,2021-02-21,0.130637023236827
"CO",18,2021-02-28,0.182876752728673
"CO",1,2021-03-07,0.11212664959892
"CO",-11,2021-03-14,0.10033496574396
"CO",15,2021-03-21,-0.16222650327131
"CO",-37,2021-03-28,-0.205986748107186
"CT",-11,2020-05-17,-0.264101959322251
"CT",10,2020-05-24,-0.378048950824511
"CT",-3,2020-05-31,0.373752327257269
"CT",20,2020-06-07,-0.110501293450851
"CT",-22,2020-06-14,0.336505445287044
"CT",29,2020-06-21,0.0735856984481699
"CT",-12,2020-06-28,-0.300223513728649
"CT",-32,2020-07-05,0.00328746373254396
"CT",16,2020-07-12,-0.112307190352394
"CT",-26,2020-07-19,-0.118481162655777
"CT",40,2020-07-26,-0.011737129973511
"CT",-12,2020-08-02,0.015255756062442
"CT",-42,2020-08-09,0.015255756062441
"CT",5,2020-08-16,0.015255756062442
"CT",0,2020-08-23,0.015255756062442
"CT",-5,2020-08-30,0.015255756062442
"CT",7,2020-09-06,0.318412746208665
"CT",2,2020-09-13,0.368938911233033
"CT",36,2020-09-20,-0.17252071177684
"CT",-12,2020-09-27,-0.262763982278492
"CT",26,2020-10-04,-0.109420190966544
"CT",-31,2020-10-11,-0.083862892414554
"CT",-1,2020-10-18,0.031236462821971
"CT",23,2020-10-25,0.050419688694724
"CT",10,2020-11-01,0.07026371713499
"CT",-11,2020-11-08,0.073571055208367
"CT",-16,2020-11-15,-0.100894607985555
"CT",6,2020-11-22,-0.129972218517875
"CT",-2,2020-11-29,0.102575913237635
"CT",-25,2020-12-06,0.141333935196887
"CT",3,2020-12-13,0.010178612428857
"CT",12,2020-12-20,-0.0116806080324819
"CT",33,2020-12-27,0.100952241087101
"CT",-27,2021-01-03,0.11972438260703
"CT",-2,2021-01-10,0.11972438260703
"CT",4,2021-01-17,0.11972438260702
"CT",-16,2021-01-24,0.0201432078688699
"CT",41,2021-01-31,0.00354634541249998
"CT",-28,2021-02-07,-0.08396287814017
"CT",-4,2021-02-14,-0.0985477487322799
"CT",16,2021-02-21,-0.214917237404833
"CT",6,2021-02-28,-0.234312152183589
"CT",-14,2021-03-07,-0.055254203816244
"CT",-4,2021-03-14,-0.025411212421687
"CT",27,2021-03-21,0.217204951699842
"CT",1,2021-03-28,0.257640979053431
"DE",-14,2020-05-17,0.272242701283697
"DE",34,2020-05-24,0.12062424781669
"DE",-21,2020-05-31,-0.359034940330442
"DE",27,2020-06-07,-0.134142586331594
"DE",-36,2020-06-14,0.019167309455239
"DE",23,2020-06-21,-0.0436425942431899
"DE",11,2020-06-28,0.095836718123649
"DE",-17,2020-07-05,0.04487907743877
"DE",-16,2020-07-12,0.261537879797325
"DE",-10,2020-07-19,-0.039954795362269
"DE",61,2020-07-26,-0.0797943455981199
"DE",-6,2020-08-16,-0.0306200523071319
"DE",-2,2020-08-23,-0.030620052307133
"DE",2,2020-08-30,-0.030620052307132
"DE",-2,2020-09-06,-0.084294487168329
"DE",13,2020-09-13,-0.093240226311863
"DE",8,2020-09-20,0.099798201503374
"DE",11,2020-09-27,0.131971272805914
"DE",56,2020-10-04,0.070734978600022
"DE",-12,2020-11-01,0.439782556517146
"DE",27,2020-11-08,0.50736742784562
"DE",-43,2020-11-15,-0.35235770585207
"DE",24,2020-11-22,-0.495645228135013
"DE",-44,2020-11-29,0.043952452211294
"DE",5,2020-12-06,0.133885398935679
"DE",-3,2020-12-13,0.32522302052866
"DE",11,2020-12-20,0.35711262412749
"DE",14,2020-12-27,-0.15730380069988
"DE",21,2021-01-03,-0.24303987150444
"DE",-42,2021-01-10,-0.24303987150444
"DE",3,2021-01-17,-0.243039871504441
"DE",13,2021-01-24,0.207814759372111
"DE",32,2021-02-21,-0.065837686281133
"DE",36,2021-03-21,0.302715208165719
"DE",-36,2021-03-28,0.395034036095371
"FL",-6,2020-05-17,-0.231955642190121
"FL",5,2020-05-24,-0.012412679330613
"FL",-4,2020-05-31,0.157797916403678
"FL",17,2020-06-07,0.170482164800889
"FL",-2,2020-06-14,-0.013849768869634
"FL",-3,2020-06-21,-0.114645896849369
"FL",14,2020-06-28,0.301353948496228
"FL",-30,2020-07-05,-0.168915077216313
"FL",23,2020-07-12,0.225296788240423
"FL",-25,2020-07-19,-0.28512237155746
"FL",33,2020-07-26,-0.153820153194083
"FL",-20,2020-08-02,0.0220172208102291
"FL",-34,2020-08-09,0.0220172208102289
"FL",4,2020-08-16,0.0220172208102291
"FL",-3,2020-08-23,0.0220172208102299
"FL",-3,2020-08-30,0.0220172208102291
"FL",4,2020-09-06,-0.121717674528698
"FL",4,2020-09-13,-0.145673490418519
"FL",21,2020-09-20,0.090381923815297
"FL",-19,2020-09-27,0.129724492854267
"FL",14,2020-10-04,0.101495708640818
"FL",-3,2020-10-11,0.096790911271911
"FL",0,2020-10-18,-0.113542335656298
"FL",0,2020-10-25,-0.148597876810999
"FL",17,2020-11-01,0.114315759629303
"FL",-7,2020-11-08,0.158134699036019
"FL",-15,2020-11-15,0.0996299785976159
"FL",18,2020-11-22,0.0898791918578701
"FL",-16,2020-11-29,0.18693892464484
"FL",-16,2020-12-06,0.203115546776
"FL",9,2020-12-13,-0.27137604508217
"FL",15,2020-12-20,-0.350457977058544
"FL",16,2020-12-27,-0.100741829494581
"FL",-16,2021-01-03,-0.059122471567254
"FL",2,2021-01-10,-0.0591224715672539
"FL",-5,2021-01-17,-0.059122471567254
"FL",18,2021-01-24,0.013088661525172
"FL",17,2021-01-31,0.0251238503739111
"FL",-18,2021-02-07,0.17337233137491
"FL",-10,2021-02-14,0.198080411541744
"FL",2,2021-02-21,-0.110119864413735
"FL",26,2021-02-28,-0.161486577072981
"FL",-21,2021-03-07,0.184067512952411
"FL",-13,2021-03-14,0.241659861289975
"FL",28,2021-03-21,-0.238931608538652
"FL",-29,2021-03-28,-0.319030186843424
"GA",12,2020-05-17,-0.253148679744106
"GA",-1,2020-05-24,0.082942356498163
"GA",8,2020-05-31,-0.042476607433295
"GA",8,2020-06-07,0.149717830574579
"GA",-17,2020-06-14,-0.00928752463841309
"GA",40,2020-06-21,0.096411672055094
"GA",-22,2020-06-28,0.042258343115994
"GA",-16,2020-07-05,-0.096214160957987
"GA",18,2020-07-12,-0.00388200270703898
"GA",-36,2020-07-19,0.258453133222957
"GA",8,2020-07-26,0.053417096401691
"GA",6,2020-08-02,-0.062563676460678
"GA",-27,2020-08-09,-0.0625636764606781
"GA",8,2020-08-16,-0.062563676460678
"GA",-4,2020-08-23,-0.0625636764606791
"GA",-1,2020-08-30,-0.062563676460678
"GA",3,2020-09-06,0.027785217605852
"GA",0,2020-09-13,0.0428433666169401
"GA",16,2020-09-20,-0.016364100441274
"GA",-14,2020-09-27,-0.026232011617643
"GA",9,2020-10-04,-0.038834621287411
"GA",14,2020-10-11,-0.040935056232372
"GA",-9,2020-10-18,0.138922733692054
"GA",-12,2020-10-25,0.168899032012793
"GA",9,2020-11-01,-0.00209221578236096
"GA",23,2020-11-08,-0.030590757081552
"GA",-28,2020-11-15,0.098571673641955
"GA",15,2020-11-22,0.12009874542921
"GA",-12,2020-11-29,-0.0799359872070089
"GA",-12,2020-12-06,-0.11327510931304
"GA",11,2020-12-13,0.0313418896477811
"GA",14,2020-12-20,0.055444722807919
"GA",-9,2020-12-27,-0.00614899453218609
"GA",2,2021-01-03,-0.0164146140888699
"GA",5,2021-01-10,-0.016414614088869
"GA",7,2021-01-17,-0.016414614088869
"GA",10,2021-01-24,0.260781852855063
"GA",28,2021-01-31,0.30698126401238
"GA",-40,2021-02-07,-0.19860424737714
"GA",-15,2021-02-14,-0.282868499275399
"GA",9,2021-02-21,-0.156265542323993
"GA",22,2021-02-28,-0.135165049498759
"GA",-12,2021-03-07,1.22550250190034e-05
"GA",-18,2021-03-14,0.022541805778982
"GA",23,2021-03-21,-0.035695862519722
"GA",-25,2021-03-28,-0.045402140569506
"HI",50,2020-05-17,-0.109148946290183
"HI",-49,2020-05-24,-0.084114212344342
"HI",-8,2020-05-31,-0.025756682065424
"HI",43,2020-06-07,-0.144294050600771
"HI",-33,2020-06-14,0.12894888087741
"HI",3,2020-06-21,-0.170546857862259
"HI",-22,2020-06-28,0.097853511927225
"HI",-9,2020-07-05,0.06720654303718
"HI",44,2020-07-12,-0.01140118640377
"HI",-24,2020-07-19,0.383697498713554
"HI",-21,2020-07-26,0.103345062351922
"HI",80,2020-08-02,-0.071772639169891
"HI",1,2020-08-09,-0.0717726391698911
"HI",0,2020-08-16,-0.07177263916989
"HI",0,2020-08-23,-0.071772639169891
"HI",0,2020-08-30,-0.0717726391698911
"HI",0,2020-09-06,0.106238420664604
"HI",0,2020-09-13,0.13590693063702
"HI",0,2020-09-20,-0.193971272754503
"HI",0,2020-09-27,-0.248950973319758
"HI",-9,2020-10-04,0.052533962137262
"HI",-61,2020-10-11,0.102781451380099
"HI",33,2020-10-18,0.074411773418976
"HI",30,2020-10-25,0.069683493758789
"HI",-78,2020-11-01,0.920134378556967
"HI",5,2020-11-08,1.06187619269
"HI",8,2020-11-15,-0.74097281683014
"HI",13,2020-11-22,-1.04144765175016
"HI",-22,2020-11-29,-0.280941446075939
"HI",-7,2020-12-06,-0.154190411796902
"HI",10,2020-12-13,0.131261431856264
"HI",45,2020-12-20,0.178836739131791
"HI",-19,2020-12-27,-0.031514002019392
"HI",18,2021-01-03,-0.066572458877923
"HI",-27,2021-01-10,-0.0665724588779231
"HI",-12,2021-01-17,-0.066572458877923
"HI",-13,2021-01-24,0.153681854709906
"HI",-6,2021-02-14,-0.0929889037105961
"HI",6,2021-02-21,-0.0887351012042159
"HI",81,2021-02-28,-0.08802613411982
"HI",0,2021-03-07,-0.034096005819859
"HI",15,2021-03-28,0.00493769661036103
"IA",-7,2020-05-17,-0.012275498668257
"IA",1,2020-05-24,-0.027442631789803
"IA",-9,2020-05-31,0.495569360317577
"IA",3,2020-06-07,0.00967596410558802
"IA",20,2020-06-14,-0.0337299750918321
"IA",-25,2020-06-21,0.450566077295582
"IA",-5,2020-06-28,-0.12079672238606
"IA",2,2020-07-05,-0.308001245820004
"IA",16,2020-07-12,-0.286054174523357
"IA",-4,2020-07-19,0.00670632269470206
"IA",-22,2020-07-26,0.04632114354969
"IA",39,2020-08-02,0.014090416432771
"IA",-51,2020-08-09,0.0140904164327701
"IA",1,2020-08-16,0.014090416432771
"IA",3,2020-08-23,0.014090416432771
"IA",0,2020-08-30,0.014090416432771
"IA",-5,2020-09-06,0.030023816129738
"IA",7,2020-09-13,0.0326793827459
"IA",3,2020-09-20,0.054244624537239
"IA",6,2020-09-27,0.0578388315024639
"IA",30,2020-10-04,-0.021297608430784
"IA",-44,2020-10-11,-0.034487015086324
"IA",29,2020-10-18,0.025448173367845
"IA",-21,2020-10-25,0.0354373714435401
"IA",16,2020-11-01,0.540227587295237
"IA",12,2020-11-08,0.62435928993719
"IA",-16,2020-11-15,-0.40313629257759
"IA",4,2020-11-22,-0.57438555633006
"IA",-11,2020-11-29,-0.0535794726246629
"IA",-10,2020-12-06,0.033221541326231
"IA",4,2020-12-13,0.194221886323662
"IA",10,2020-12-20,0.22105527715657
"IA",33,2020-12-27,-0.16273656005397
"IA",-27,2021-01-03,-0.22670186625573
"IA",7,2021-01-10,-0.226701866255733
"IA",-28,2021-01-17,-0.226701866255729
"IA",29,2021-01-24,0.258631908394512
"IA",-19,2021-01-31,0.33952087083622
"IA",14,2021-02-07,-0.15430197474053
"IA",-10,2021-02-14,-0.236605782336652
"IA",3,2021-02-21,-0.090365591789377
"IA",28,2021-02-28,-0.065992226698164
"IA",-42,2021-03-07,0.0781888502014999
"IA",16,2021-03-14,0.102219029684776
"IA",11,2021-03-21,-0.068998442372459
"IA",-6,2021-03-28,-0.097534687715332
"ID",-12,2020-05-17,0.184675929273679
"ID",32,2020-05-24,-0.075045057884141
"ID",-5,2020-05-31,0.306799092303041
"ID",-6,2020-06-07,0.00372985097675405
"ID",1,2020-06-14,-0.172505917733916
"ID",-24,2020-06-21,0.68218853786439
"ID",55,2020-06-28,-0.14915609852384
"ID",-61,2020-07-05,-0.539444258345098
"ID",18,2020-07-12,0.171106490260613
"ID",12,2020-07-19,1.00725531556045
"ID",40,2020-07-26,0.1757273246618
"ID",-38,2020-08-02,-0.24716293484238
"ID",-34,2020-08-09,-0.24716293484239
"ID",-1,2020-08-16,-0.24716293484238
"ID",2,2020-09-06,0.045561447896891
"ID",-11,2020-09-27,-0.01377746322222
"ID",9,2020-10-04,-0.0354368583996261
"ID",20,2020-10-11,-0.03904675759586
"ID",12,2020-11-01,0.15798435934271
"ID",5,2020-11-08,0.152048063869
"ID",0,2020-11-15,-0.3221298755406
"ID",-1,2020-11-22,-0.40115953210887
"ID",-5,2020-11-29,0.132856629079647
"ID",-4,2020-12-06,0.221859322611063
"ID",0,2020-12-13,0.06236587474227
"ID",6,2020-12-20,0.0357836334308101
"ID",54,2020-12-27,-0.0949390428625101
"ID",14,2021-01-03,-0.116726155578057
"ID",-58,2021-01-10,-0.116726155578058
"ID",0,2021-01-17,-0.116726155578058
"ID",9,2021-01-24,0.017282565750443
"ID",6,2021-01-31,0.0396173526385281
"ID",-5,2021-02-07,-0.102687766204192
"ID",5,2021-02-14,-0.126405286011313
"ID",-20,2021-02-21,0.095059752627676
"ID",50,2021-02-28,0.131970592400841
"ID",-60,2021-03-07,0.228936286600791
"ID",-8,2021-03-14,0.245097235634119
"ID",24,2021-03-21,-0.332275391978513
"IL",3,2020-05-17,-0.14900603152295
"IL",13,2020-05-24,-0.217165716448253
"IL",-12,2020-05-31,0.03779009921018
"IL",12,2020-06-07,-0.054163937281582
"IL",-26,2020-06-14,-0.147929743563058
"IL",-7,2020-06-21,0.03914679924148
"IL",4,2020-06-28,-0.103461593077202
"IL",-14,2020-07-05,0.340359849833551
"IL",8,2020-07-12,-0.126735510826141
"IL",-17,2020-07-19,-0.0137916803667739
"IL",38,2020-07-26,0.041632023048376
"IL",3,2020-08-02,0.00220301589654992
"IL",-56,2020-08-09,0.00220301589655103
"IL",16,2020-08-16,0.00220301589655003
"IL",-19,2020-08-23,0.00220301589655003
"IL",-1,2020-08-30,0.00220301589654992
"IL",6,2020-09-06,-7.29183084509089e-05
"IL",-1,2020-09-13,-0.000452240675950066
"IL",12,2020-09-20,-0.106366132999447
"IL",-9,2020-09-27,-0.124018448386696
"IL",12,2020-10-04,0.061967392504179
"IL",-1,2020-10-11,0.092965032652657
"IL",19,2020-10-18,-0.023225086699317
"IL",56,2020-10-25,-0.042590106591314
"IL",-34,2020-11-01,-0.024432725094011
"IL",-13,2020-11-08,-0.021406494844461
"IL",5,2020-11-15,0.077256487057202
"IL",6,2020-11-22,0.093700317374147
"IL",-47,2020-11-29,-0.030738608575235
"IL",-8,2020-12-06,-0.0514784295667989
"IL",6,2020-12-13,0.044407437521533
"IL",18,2020-12-20,0.0603884153695891
"IL",-3,2020-12-27,0.077437376645921
"IL",6,2021-01-03,0.080278870191975
"IL",6,2021-01-10,0.0802788701919799
"IL",-8,2021-01-17,0.0802788701919701
"IL",-6,2021-01-24,-0.0933378199516
"IL",14,2021-01-31,-0.122273934975528
"IL",-7,2021-02-07,-0.187098818703555
"IL",-10,2021-02-14,-0.197902965991559
"IL",22,2021-02-21,0.338455518257486
"IL",8,2021-02-28,0.427848598965656
"IL",3,2021-03-07,-0.26176820747261
"IL",-30,2021-03-14,-0.376704341878986
"IL",38,2021-03-21,0.058486156700201
"IL",-37,2021-03-28,0.131017906463399
"IN",-20,2020-05-17,-0.122832780820739
"IN",18,2020-05-24,0.324316780383883
"IN",-12,2020-05-31,0.129610139603847
"IN",24,2020-06-07,-0.214473042706933
"IN",-7,2020-06-14,-0.049123411376398
"IN",-10,2020-06-21,0.102452226838628
"IN",-14,2020-06-28,-0.0434527764696589
"IN",-5,2020-07-05,0.045386587399241
"IN",30,2020-07-12,0.118710072656614
"IN",-33,2020-07-19,0.0924422206622399
"IN",36,2020-07-26,-0.025693867795088
"IN",-20,2020-08-02,-0.0680367400414099
"IN",-35,2020-08-09,-0.06803674004141
"IN",14,2020-08-16,-0.068036740041409
"IN",-12,2020-08-23,-0.06803674004141
"IN",-2,2020-08-30,-0.06803674004141
"IN",3,2020-09-06,0.060589594596121
"IN",7,2020-09-13,0.0820273170357091
"IN",21,2020-09-20,-0.031075173801391
"IN",-16,2020-09-27,-0.049925588940907
"IN",28,2020-10-04,-0.01540712272712
"IN",-25,2020-10-11,-0.00965404502482203
"IN",34,2020-10-18,0.100086185422168
"IN",-26,2020-10-25,0.11837622383
"IN",27,2020-11-01,0.107882994196217
"IN",-9,2020-11-08,0.106134122590589
"IN",-15,2020-11-15,-0.140413213484305
"IN",-4,2020-11-22,-0.181504436163452
"IN",-6,2020-11-29,0.258005427393645
"IN",-15,2020-12-06,0.331257071319822
"IN",4,2020-12-13,-0.1646062298147
"IN",16,2020-12-20,-0.247250113337119
"IN",-10,2020-12-27,-0.098409435209273
"IN",-4,2021-01-03,-0.073602655521299
"IN",29,2021-01-10,-0.073602655521299
"IN",-20,2021-01-17,-0.0736026555212991
"IN",6,2021-01-24,0.532241149170119
"IN",6,2021-01-31,0.63321511661868
"IN",11,2021-02-07,-0.29907690654588
"IN",-28,2021-02-14,-0.45445891040664
"IN",-1,2021-02-21,0.00616429781163985
"IN",11,2021-02-28,0.0829348325146801
"IN",5,2021-03-07,-0.02517813972403
"IN",9,2021-03-14,-0.0431969684304701
"IN",14,2021-03-21,-0.17245426855116
"IN",-46,2021-03-28,-0.193997151904604
"KS",-3,2020-05-17,0.000714639729194944
"KS",13,2020-05-24,-0.00535664499185295
"KS",-13,2020-05-31,0.231809576920139
"KS",-10,2020-06-07,0.094488865043232
"KS",23,2020-06-14,0.125197820874961
"KS",19,2020-06-21,-0.190615931345071
"KS",-33,2020-06-28,-0.300850367311774
"KS",-13,2020-07-05,-0.0172274976307321
"KS",-8,2020-07-12,0.092165349267185
"KS",-11,2020-07-19,0.211427652192196
"KS",17,2020-07-26,0.057204990390448
"KS",-3,2020-08-02,-0.0234511396692051
"KS",-16,2020-08-09,-0.023451139669205
"KS",2,2020-08-16,-0.023451139669205
"KS",0,2020-08-23,-0.023451139669205
"KS",0,2020-08-30,-0.023451139669205
"KS",-10,2020-09-06,-0.0936307423614591
"KS",6,2020-09-13,-0.105327342810168
"KS",45,2020-09-20,0.051553872928484
"KS",-46,2020-09-27,0.07770074221826
"KS",21,2020-10-04,0.2742245520664
"KS",-13,2020-10-11,0.306978520374426
"KS",17,2020-10-18,-0.14893610998551
"KS",-9,2020-10-25,-0.224921881712167
"KS",15,2020-11-01,0.381786361040467
"KS",-9,2020-11-08,0.48290440149924
"KS",-5,2020-11-15,-0.3851953978257
"KS",14,2020-11-22,-0.529878697713189
"KS",-24,2020-11-29,-0.075015279430495
"KS",-8,2020-12-06,0.000795290283287953
"KS",10,2020-12-13,0.011018629700146
"KS",-6,2020-12-20,0.012722519602957
"KS",-2,2020-12-27,-0.013000601066486
"KS",16,2021-01-03,-0.017287787844726
"KS",-13,2021-01-10,-0.017287787844727
"KS",19,2021-01-17,-0.0172877878447261
"KS",17,2021-01-24,0.147191147134613
"KS",35,2021-01-31,0.174604302964505
"KS",-64,2021-02-07,-0.178043247747858
"KS",0,2021-02-14,-0.23681783953325
"KS",29,2021-02-21,0.0203663475104641
"KS",-35,2021-02-28,0.0632303786844149
"KS",38,2021-03-07,-0.0385984783808739
"KS",-19,2021-03-14,-0.0555699545584221
"KS",69,2021-03-21,0.100386207511175
"KS",-70,2021-03-28,0.126378901189441
"KY",2,2020-05-17,-0.301948776858988
"KY",-15,2020-05-24,0.138239210928033
"KY",7,2020-05-31,0.178463264552204
"KY",5,2020-06-07,0.147841197979251
"KY",-4,2020-06-14,-0.296848234274707
"KY",19,2020-06-21,-0.044211787495366
"KY",-17,2020-06-28,0.16387493077169
"KY",-8,2020-07-05,0.297619405226952
"KY",12,2020-07-12,-0.158827907242036
"KY",-13,2020-07-19,0.112456546766149
"KY",31,2020-07-26,0.0639785015094071
"KY",-25,2020-08-02,-0.0310950572708021
"KY",-13,2020-08-09,-0.031095057270802
"KY",6,2020-08-16,-0.031095057270803
"KY",-9,2020-08-23,-0.031095057270802
"KY",-4,2020-08-30,-0.0310950572708021
"KY",6,2020-09-06,-0.052845419994823
"KY",6,2020-09-13,-0.056470480448827
"KY",14,2020-09-20,0.0261465993432209
"KY",-16,2020-09-27,0.039916112641894
"KY",10,2020-10-04,0.427431145381826
"KY",-14,2020-10-11,0.49201698417182
"KY",15,2020-10-18,-0.30195847577927
"KY",-5,2020-10-25,-0.43428771910444
"KY",2,2020-11-01,-0.019204056001101
"KY",23,2020-11-08,0.0499765545161212
"KY",-15,2020-11-15,-0.124332250476139
"KY",6,2020-11-22,-0.153383717974852
"KY",-18,2020-11-29,-0.065581767354689
"KY",-8,2020-12-06,-0.0509481089179949
"KY",-2,2020-12-13,0.209063883797456
"KY",12,2020-12-20,0.252399215916699
"KY",17,2020-12-27,-0.0572057064279701
"KY",-16,2021-01-03,-0.108806526818749
"KY",15,2021-01-10,-0.108806526818748
"KY",-19,2021-01-17,-0.108806526818747
"KY",-8,2021-01-24,-0.004708666462654
"KY",50,2021-01-31,0.012640976930028
"KY",-41,2021-02-07,0.014431652087725
"KY",10,2021-02-14,0.014730097947342
"KY",-3,2021-02-21,0.175536262188053
"KY",7,2021-02-28,0.2023372895615
"KY",-16,2021-03-07,-0.151079460408414
"KY",4,2021-03-14,-0.209982252070073
"KY",30,2021-03-21,0.119491557242039
"KY",-15,2021-03-28,0.174403858794058
"LA",-22,2020-05-17,-0.135594998081231
"LA",-3,2020-05-24,0.303209243929245
"LA",2,2020-05-31,0.073675593711981
"LA",35,2020-06-07,-0.281908396677762
"LA",-46,2020-06-14,-0.048092679037981
"LA",55,2020-06-21,0.429068163833002
"LA",-25,2020-06-28,0.065852374226121
"LA",-29,2020-07-05,-0.283338573300011
"LA",25,2020-07-12,-0.066051165269851
"LA",-13,2020-07-19,0.0478513373405151
"LA",9,2020-07-26,0.060391292832936
"LA",-29,2020-08-02,0.064864491988693
"LA",-3,2020-08-09,0.0648644919886929
"LA",10,2020-08-16,0.064864491988693
"LA",3,2020-08-23,0.064864491988693
"LA",-13,2020-08-30,0.0648644919886969
"LA",4,2020-09-06,-0.00679141619284496
"LA",2,2020-09-13,-0.01873406755643
"LA",16,2020-09-20,-0.118182052069333
"LA",-20,2020-09-27,-0.134756716154817
"LA",11,2020-10-04,-0.094953603067947
"LA",10,2020-10-11,-0.0883197508868021
"LA",8,2020-10-18,-0.00185910052845295
"LA",-31,2020-10-25,0.0125510078646061
"LA",27,2020-11-01,0.256982225072305
"LA",3,2020-11-08,0.297720761273586
"LA",-13,2020-11-15,-0.184290779171275
"LA",10,2020-11-22,-0.264626035912087
"LA",-19,2020-11-29,0.317131400041895
"LA",-5,2020-12-06,0.414090972700897
"LA",4,2020-12-13,-0.0662077255761799
"LA",2,2020-12-20,-0.14625750862235
"LA",23,2020-12-27,-0.13806401224529
"LA",25,2021-01-03,-0.136698429515774
"LA",-15,2021-01-10,-0.136698429515779
"LA",-3,2021-01-17,-0.136698429515778
"LA",3,2021-01-24,-0.089061906824612
"LA",-14,2021-01-31,-0.081122486376084
"LA",9,2021-02-07,0.040945977261773
"LA",-23,2021-02-14,0.061290721201415
"LA",-6,2021-02-21,0.375045565439106
"LA",3,2021-02-28,0.427338039478723
"LA",8,2021-03-07,0.0173552256352698
"LA",6,2021-03-14,-0.0509752433386299
"LA",53,2021-03-21,-0.419659791215042
"LA",-64,2021-03-28,-0.481107215861105
"MA",-19,2020-05-17,-0.278169230311163
"MA",26,2020-05-24,-0.28936524394209
"MA",-20,2020-05-31,0.00822936117264994
"MA",-1,2020-06-07,0.00402616455180704
"MA",3,2020-06-14,-0.044150392593399
"MA",-5,2020-06-21,0.226464377062496
"MA",-24,2020-06-28,0.0710648906685091
"MA",12,2020-07-05,-0.146065610383731
"MA",-6,2020-07-12,0.362544644132517
"MA",-10,2020-07-19,-0.305596355033572
"MA",16,2020-07-26,-0.162530161176731
"MA",27,2020-08-02,0.037005340506025
"MA",-56,2020-08-09,0.037005340506026
"MA",6,2020-08-16,0.037005340506025
"MA",-4,2020-08-23,0.037005340506025
"MA",-5,2020-08-30,0.037005340506026
"MA",0,2020-09-06,-0.035801897080163
"MA",9,2020-09-13,-0.047936436677861
"MA",10,2020-09-20,0.00853649465787099
"MA",-4,2020-09-27,0.0179486498804929
"MA",42,2020-10-04,0.0511847706027571
"MA",-35,2020-10-11,0.056724124056468
"MA",15,2020-10-18,0.018364662428103
"MA",-2,2020-10-25,0.011971418823376
"MA",11,2020-11-01,0.116356242273809
"MA",30,2020-11-08,0.133753712848877
"MA",-56,2020-11-15,-0.108364797018008
"MA",16,2020-11-22,-0.148717881995827
"MA",-17,2020-11-29,-0.012424410250177
"MA",-6,2020-12-06,0.010291168374098
"MA",4,2020-12-13,0.268703681116104
"MA",8,2020-12-20,0.31177243323977
"MA",38,2020-12-27,-0.08788299659929
"MA",-28,2021-01-03,-0.15449223490579
"MA",14,2021-01-10,-0.1544922349058
"MA",-28,2021-01-17,-0.154492234905795
"MA",7,2021-01-24,0.040551117331779
"MA",-1,2021-01-31,0.073058342704708
"MA",-12,2021-02-07,0.176855106883428
"MA",5,2021-02-14,0.19415456757987
"MA",0,2021-02-21,-0.18540309110602
"MA",25,2021-02-28,-0.248662700887011
"MA",16,2021-03-07,-0.092688274705932
"MA",-39,2021-03-14,-0.0666925370090851
"MA",29,2021-03-21,-0.032405671200032
"MA",-30,2021-03-28,-0.02669119356519
"MD",-3,2020-05-17,-0.186602639915999
"MD",-12,2020-05-24,-0.145222853905142
"MD",2,2020-05-31,0.238176610957722
"MD",18,2020-06-07,-0.237123220364557
"MD",-16,2020-06-14,0.766498258714584
"MD",-12,2020-06-21,-0.16396917917283
"MD",-22,2020-06-28,-0.363375478778371
"MD",13,2020-07-05,0.09282163859218
"MD",5,2020-07-12,0.072180712023671
"MD",-10,2020-07-19,0.0124705413815319
"MD",50,2020-07-26,-0.0340980428322389
"MD",-29,2020-08-02,-0.052370869486119
"MD",-34,2020-08-09,-0.05237086948612
"MD",0,2020-08-16,-0.052370869486119
"MD",-4,2020-08-23,-0.0523708694861199
"MD",-3,2020-08-30,-0.05237086948612
"MD",8,2020-09-06,0.0102780170936
"MD",-1,2020-09-13,0.020719498190219
"MD",13,2020-09-20,0.141231939100177
"MD",0,2020-09-27,0.161317345918503
"MD",10,2020-10-04,-0.168236689138539
"MD",0,2020-10-11,-0.223162361648047
"MD",14,2020-10-18,0.249782633588491
"MD",2,2020-10-25,0.328606799461251
"MD",-13,2020-11-01,-0.221159683643361
"MD",36,2020-11-08,-0.312787430827458
"MD",-39,2020-11-15,0.063167411342702
"MD",-3,2020-11-22,0.125826551704396
"MD",-11,2020-11-29,0.048795016833186
"MD",-8,2020-12-06,0.035956427687984
"MD",9,2020-12-13,0.102706732126312
"MD",21,2020-12-20,0.113831782866029
"MD",15,2020-12-27,-0.106189602636987
"MD",-9,2021-01-03,-0.142859833554162
"MD",-13,2021-01-10,-0.142859833554162
"MD",-5,2021-01-17,-0.142859833554161
"MD",19,2021-01-24,0.307418849203269
"MD",2,2021-01-31,0.382465296329513
"MD",5,2021-02-07,-0.18043138514345
"MD",-29,2021-02-14,-0.274247498722281
"MD",-3,2021-02-21,0.134035445124886
"MD",47,2021-02-28,0.202082602432745
"MD",-35,2021-03-07,0.22096165106291
"MD",-9,2021-03-14,0.22410815916793
"MD",22,2021-03-21,-0.481924149559
"MD",-13,2021-03-28,-0.599596201013478
"ME",-8,2020-05-17,-0.130670557451265
"ME",5,2020-05-24,-0.284845100616964
"ME",-26,2020-05-31,-0.041250864664047
"ME",7,2020-06-07,0.16413983762881
"ME",-6,2020-06-14,0.355642292573829
"ME",67,2020-06-21,-0.218685556338261
"ME",20,2020-07-12,-0.578467493985618
"ME",-15,2020-07-19,0.838288357422148
"ME",3,2020-07-26,0.39876862161844
"ME",27,2020-08-02,0.00660629045063987
"ME",-37,2020-08-09,0.0066062904506401
"ME",4,2020-08-16,0.00660629045064987
"ME",9,2020-09-06,-0.3759076187299
"ME",15,2020-09-27,0.29501671690755
"ME",-17,2020-10-04,0.6112080758165
"ME",23,2020-10-11,0.66390663563465
"ME",36,2020-10-18,-0.58073482530389
"ME",-30,2020-10-25,-0.78817506879365
"ME",6,2020-11-01,-0.13940597578375
"ME",-33,2020-11-08,-0.03127779361543
"ME",6,2020-11-15,-0.126907300076216
"ME",0,2020-11-22,-0.142845551153008
"ME",-6,2020-11-29,0.120510748218958
"ME",-5,2020-12-06,0.164403464780956
"ME",-2,2020-12-13,0.60348100944421
"ME",21,2020-12-20,0.67666060022142
"ME",34,2020-12-27,-0.10198183566936
"ME",-20,2021-01-03,-0.23175557498448
"ME",-17,2021-01-10,-0.23175557498449
"ME",-4,2021-01-17,-0.23175557498448
"ME",57,2021-01-24,-0.50236087466509
"ME",-42,2021-01-31,-0.547461757945185
"ME",35,2021-02-07,0.189675659800139
"ME",-64,2021-02-14,0.312531896091026
"ME",26,2021-02-21,-0.0892846070124779
"ME",-14,2021-02-28,-0.156254024196395
"ME",52,2021-03-07,0.296867578865163
"ME",-29,2021-03-14,0.3723878460421
"ME",-25,2021-03-21,-0.16210671197957
"MI",-14,2020-05-17,-0.16318895272172
"MI",47,2020-05-24,-0.139074906769675
"MI",-43,2020-05-31,0.0564555674234609
"MI",42,2020-06-07,-0.154273768396384
"MI",-42,2020-06-14,0.161044541653408
"MI",9,2020-06-21,0.00967521050784004
"MI",-16,2020-06-28,0.00383287134364696
"MI",11,2020-07-05,0.103076140357664
"MI",22,2020-07-12,0.151461267235911
"MI",-49,2020-07-19,-0.169842934737607
"MI",20,2020-07-26,-0.089628209695099
"MI",5,2020-08-02,-0.00432188086778496
"MI",-50,2020-08-09,-0.00432188086778507
"MI",8,2020-08-16,-0.00432188086778595
"MI",-6,2020-08-23,-0.00432188086778496
"MI",-6,2020-08-30,-0.00432188086778507
"MI",6,2020-09-06,0.0208797065210601
"MI",5,2020-09-13,0.0250799710858689
"MI",3,2020-09-20,0.007871265049885
"MI",-2,2020-09-27,0.00500314737722107
"MI",29,2020-10-04,0.235054815426747
"MI",-9,2020-10-11,0.273396760101673
"MI",23,2020-10-18,-0.253489268107239
"MI",0,2020-10-25,-0.341303606142053
"MI",-7,2020-11-01,0.097165571700718
"MI",15,2020-11-08,0.170243768007847
"MI",30,2020-11-15,-0.0186227838950489
"MI",-11,2020-11-22,-0.0501005425455311
"MI",-60,2020-11-29,0.0685091820253531
"MI",-5,2020-12-06,0.088277469453834
"MI",15,2020-12-13,0.0218675178216831
"MI",38,2020-12-20,0.0107991925496569
"MI",11,2020-12-27,0.13692822885116
"MI",-14,2021-01-03,0.15794973490142
"MI",-19,2021-01-10,0.15794973490141
"MI",12,2021-01-17,0.15794973490141
"MI",-14,2021-01-24,-0.29016901712445
"MI",16,2021-01-31,-0.364855475795421
"MI",-18,2021-02-07,0.142576066361781
"MI",-33,2021-02-14,0.22714799005464
"MI",17,2021-02-21,-0.22429337743783
"MI",3,2021-02-28,-0.299533605353254
"MI",10,2021-03-07,-0.00996212374976901
"MI",-9,2021-03-14,0.03829978985081
"MI",21,2021-03-21,0.134628289628757
"MI",-22,2021-03-28,0.150683039591746
"MN",11,2020-05-17,-0.0524219926631899
"MN",-5,2020-05-24,0.141286993192056
"MN",11,2020-05-31,-0.151432594587465
"MN",-34,2020-06-07,0.00944905388836292
"MN",-5,2020-06-14,0.526462459970374
"MN",9,2020-06-21,-0.347866511407489
"MN",1,2020-06-28,0.110929082030566
"MN",-3,2020-07-05,0.045084868298534
"MN",11,2020-07-12,-0.103407892366261
"MN",-21,2020-07-19,0.20335895571009
"MN",24,2020-07-26,0.03988123812556
"MN",-12,2020-08-02,-0.07346987933162
"MN",-27,2020-08-09,-0.073469879331619
"MN",3,2020-08-16,-0.073469879331619
"MN",-6,2020-08-23,-0.073469879331619
"MN",1,2020-08-30,-0.0734698793316191
"MN",3,2020-09-06,-0.0101909476169499
"MN",2,2020-09-13,0.000355541002160953
"MN",8,2020-09-20,0.099933679873233
"MN",6,2020-09-27,0.116530036351745
"MN",2,2020-10-04,-0.158230968050761
"MN",4,2020-10-11,-0.204024468784512
"MN",-7,2020-10-18,0.00240574655608505
"MN",5,2020-10-25,0.036810782446186
"MN",-1,2020-11-01,0.311044238498484
"MN",19,2020-11-08,0.356749814507205
"MN",4,2020-11-15,0.12407192470873
"MN",28,2020-11-22,0.0852922764089801
"MN",-53,2020-11-29,-0.18036615338447
"MN",-10,2020-12-06,-0.22464255835006
"MN",25,2020-12-13,-0.039867381314711
"MN",59,2020-12-20,-0.00907151847548993
"MN",-73,2020-12-27,-0.009595151173169
"MN",41,2021-01-03,-0.00968242328944902
"MN",-14,2021-01-10,-0.00968242328945002
"MN",-3,2021-01-17,-0.00968242328944902
"MN",-9,2021-01-24,0.188843424469228
"MN",-3,2021-01-31,0.22193106576233
"MN",-12,2021-02-07,-0.28205778138652
"MN",1,2021-02-14,-0.366055922577994
"MN",25,2021-02-21,-0.0769829376415461
"MN",-17,2021-02-28,-0.028804106818804
"MN",23,2021-03-07,-0.0525950548815329
"MN",-28,2021-03-14,-0.056560212891989
"MN",31,2021-03-21,0.139512270503514
"MN",-18,2021-03-28,0.172191017736099
"MO",4,2020-05-17,0.367633897925899
"MO",8,2020-05-24,-0.145171720557
"MO",-7,2020-05-31,-0.100437884948932
"MO",12,2020-06-07,-0.231554229327014
"MO",-2,2020-06-14,0.055708009052066
"MO",3,2020-06-21,-0.260567321961236
"MO",-17,2020-06-28,-0.055452916209689
"MO",2,2020-07-05,0.274805568934259
"MO",-1,2020-07-12,0.12619628757489
"MO",-18,2020-07-19,0.154534303487408
"MO",22,2020-07-26,0.01195380209047
"MO",6,2020-08-02,-0.063560119409273
"MO",-41,2020-08-09,-0.063560119409274
"MO",8,2020-08-16,-0.0635601194092731
"MO",-10,2020-08-23,-0.063560119409273
"MO",0,2020-08-30,-0.063560119409273
"MO",3,2020-09-06,-0.060449615905091
"MO",9,2020-09-13,-0.059931198654393
"MO",4,2020-09-20,-0.00779345676249898
"MO",-4,2020-09-27,0.000896166886149019
"MO",32,2020-10-04,0.0806173981192529
"MO",-20,2020-10-11,0.093904269991439
"MO",20,2020-10-18,0.0664273002262601
"MO",-24,2020-10-25,0.0618478052653979
"MO",8,2020-11-01,0.275383173350568
"MO",-5,2020-11-08,0.31097240136476
"MO",18,2020-11-15,-0.25738853058393
"MO",-2,2020-11-22,-0.352115352575373
"MO",-32,2020-11-29,-0.107384398250034
"MO",-3,2020-12-06,-0.066595905862478
"MO",2,2020-12-13,-0.027432494423411
"MO",30,2020-12-20,-0.020905259183566
"MO",-4,2020-12-27,-0.026538396753194
"MO",-18,2021-01-03,-0.027477253014798
"MO",33,2021-01-10,-0.027477253014799
"MO",-22,2021-01-17,-0.027477253014798
"MO",1,2021-01-24,0.119350782941102
"MO",6,2021-01-31,0.143822122267086
"MO",-16,2021-02-07,0.0370043847208721
"MO",4,2021-02-14,0.019201428463172
"MO",1,2021-02-21,0.223656888498209
"MO",24,2021-02-28,0.25773279850405
"MO",25,2021-03-07,-0.18103189405557
"MO",-50,2021-03-14,-0.254159342815495
"MO",-4,2021-03-21,-0.169121708338368
"MO",-3,2021-03-28,-0.154948769258846
"MS",-16,2020-05-17,-0.466556248627783
"MS",5,2020-05-24,-0.111877008322472
"MS",-11,2020-05-31,0.090513076257237
"MS",26,2020-06-07,-0.192128081042613
"MS",-42,2020-06-28,-0.175002834602204
"MS",3,2020-07-05,0.194421064674189
"MS",17,2020-07-12,0.010683033254832
"MS",-14,2020-07-19,-0.264244439431278
"MS",-3,2020-07-26,-0.0909328582797501
"MS",32,2020-08-02,-0.00339724453601997
"MS",-32,2020-08-09,-0.00339724453601903
"MS",-4,2020-08-16,-0.00339724453601997
"MS",9,2020-08-23,-0.00339724453602003
"MS",-14,2020-08-30,-0.00339724453601897
"MS",13,2020-09-06,0.105438370697506
"MS",0,2020-09-13,0.123577639903094
"MS",27,2020-09-20,0.149677487399033
"MS",-34,2020-09-27,0.15402746198169
"MS",13,2020-10-04,-0.088578597344727
"MS",3,2020-10-11,-0.129012940565795
"MS",3,2020-10-18,-0.140113259308361
"MS",9,2020-10-25,-0.141963312432122
"MS",-23,2020-11-01,0.579211412693939
"MS",-7,2020-11-08,0.69940720021495
"MS",12,2020-11-15,-0.34375208946745
"MS",6,2020-11-22,-0.517611971081174
"MS",-4,2020-11-29,-0.172134617175935
"MS",-12,2020-12-06,-0.114555058191729
"MS",4,2020-12-13,-0.021932372375672
"MS",36,2020-12-20,-0.006495258072996
"MS",-11,2020-12-27,0.107220120117263
"MS",9,2021-01-03,0.126172683148974
"MS",-29,2021-01-10,0.126172683148973
"MS",32,2021-01-17,0.126172683148976
"MS",-26,2021-01-24,-0.193003805436587
"MS",-12,2021-01-31,-0.246199886867511
"MS",10,2021-02-07,-0.054387589595701
"MS",6,2021-02-14,-0.0224188733837339
"MS",5,2021-02-21,0.399564465987395
"MS",-18,2021-02-28,0.469895022549248
"MS",43,2021-03-07,-0.376433110912745
"MS",-21,2021-03-14,-0.51748779982308
"MT",-37,2020-05-17,0.244513430658249
"MT",-18,2020-05-24,0.016434693160479
"MT",33,2020-05-31,-0.236885715533549
"MT",-11,2020-06-07,0.20432353496846
"MT",-9,2020-06-14,-0.00464908342074
"MT",1,2020-06-21,-0.143172385401088
"MT",35,2020-06-28,0.307470509413759
"MT",-32,2020-07-05,0.704652814630852
"MT",17,2020-07-12,0.12658464204376
"MT",-22,2020-07-19,-0.709799929146391
"MT",30,2020-07-26,-0.27814705434523
"MT",-7,2020-08-16,-0.014303797386628
"MT",8,2020-09-13,0.201130501462601
"MT",0,2020-09-20,0.056277627798161
"MT",37,2020-09-27,0.032135482187421
"MT",-25,2020-10-04,-0.018309950174334
"MT",74,2020-10-11,-0.026717522234626
"MT",-57,2020-10-18,-0.046263113738479
"MT",-22,2020-10-25,-0.049520712322454
"MT",32,2020-11-01,0.440333954646711
"MT",-13,2020-11-08,0.52197639914157
"MT",-13,2020-11-15,-0.24547182329269
"MT",-9,2020-11-22,-0.37337986036506
"MT",-11,2020-11-29,-0.08147157244741
"MT",-4,2020-12-06,-0.0328201911277999
"MT",61,2020-12-27,-0.0227677979373669
"MT",-46,2021-01-03,-0.00754098913031498
"MT",-35,2021-01-10,-0.00754098913031609
"MT",15,2021-01-17,-0.00754098913031498
"MT",71,2021-01-24,0.305102542282187
"MT",-67,2021-01-31,0.35720979751761
"MT",48,2021-02-07,-0.25883664249889
"MT",-14,2021-03-14,0.323115613532093
"NC",-8,2020-05-17,0.407057178491266
"NC",5,2020-05-24,0.0297108026424401
"NC",-2,2020-05-31,-0.109190482047386
"NC",21,2020-06-07,-0.155175316204821
"NC",1,2020-06-14,0.18413679688543
"NC",-10,2020-06-21,-0.03044510495138
"NC",-3,2020-06-28,0.246243389557597
"NC",-15,2020-07-05,-0.132214375595151
"NC",21,2020-07-12,-0.103119309321175
"NC",-23,2020-07-19,-0.131270418922976
"NC",16,2020-07-26,-0.044812298298695
"NC",-2,2020-08-02,0.010145335561706
"NC",-31,2020-08-09,0.0101453355617069
"NC",5,2020-08-16,0.010145335561706
"NC",0,2020-08-23,0.0101453355617059
"NC",-7,2020-08-30,0.010145335561707
"NC",5,2020-09-06,-0.014801198946047
"NC",2,2020-09-13,-0.018958954697338
"NC",12,2020-09-20,0.082487616129021
"NC",-8,2020-09-27,0.099395377933415
"NC",14,2020-10-04,-0.0120993536489
"NC",-12,2020-10-11,-0.030681808912619
"NC",11,2020-10-18,-0.092869161818199
"NC",-10,2020-10-25,-0.103233720635796
"NC",3,2020-11-01,0.701792256277928
"NC",30,2020-11-08,0.83596325243022
"NC",-29,2020-11-15,-0.4408210982643
"NC",17,2020-11-22,-0.65361849004671
"NC",-14,2020-11-29,-0.292154216390047
"NC",-16,2020-12-06,-0.231910170780599
"NC",28,2020-12-13,0.0241297788644049
"NC",14,2020-12-20,0.066803103805238
"NC",-9,2020-12-27,0.090093080443457
"NC",-11,2021-01-03,0.093974743216493
"NC",5,2021-01-10,0.093974743216494
"NC",12,2021-01-17,0.093974743216493
"NC",0,2021-01-24,0.135700389611846
"NC",8,2021-01-31,0.14265466401107
"NC",-41,2021-02-07,-0.16513818616303
"NC",4,2021-02-14,-0.216436994525386
"NC",23,2021-02-21,0.247842291838336
"NC",4,2021-02-28,0.32522217289895
"NC",6,2021-03-07,-0.26399402118351
"NC",-21,2021-03-14,-0.36219672019725
"NC",14,2021-03-21,-0.00253267100769794
"NC",-9,2021-03-28,0.0574113371905619
"ND",-36,2020-05-17,-0.0782172806330299
"ND",11,2020-05-24,-0.049047768315709
"ND",-11,2020-05-31,-0.237453544200189
"ND",7,2020-06-07,0.059316413805279
"ND",40,2020-06-14,1.19197154455501
"ND",5,2020-06-21,-0.745098687247395
"ND",5,2020-08-16,-0.117046066805533
"ND",11,2020-09-13,-0.106980277730056
"ND",1,2020-09-20,0.08299170672931
"ND",-6,2020-09-27,0.114653704139203
"ND",2,2020-10-18,-0.027068651919643
"ND",22,2020-11-08,0.00466586154440196
"ND",11,2020-11-15,0.30084137886637
"ND",-23,2020-11-22,0.350203965086696
"ND",3,2020-12-13,-0.2496221307961
"ND",12,2020-12-20,-0.263870846148917
"ND",43,2020-12-27,0.066136448979896
"ND",6,2021-01-17,0.121137664834698
"ND",-22,2021-01-24,-0.14539463611147
"ND",-78,2021-02-14,0.1113594847738
"ND",48,2021-02-21,0.144715006791679
"ND",12,2021-03-14,-0.290065284826598
"ND",27,2021-03-21,-0.070563396211592
"NE",-12,2020-05-17,-0.1840167462905
"NE",1,2020-05-24,-0.146384897490037
"NE",7,2020-05-31,0.0418965904586739
"NE",8,2020-06-07,-0.193562180072427
"NE",-16,2020-06-14,0.04813448016606
"NE",1,2020-06-21,0.283185810250522
"NE",-3,2020-06-28,-0.138715338818322
"NE",1,2020-07-05,0.0287897071906009
"NE",1,2020-07-12,0.204194495363723
"NE",11,2020-07-19,0.225651874897298
"NE",45,2020-07-26,0.0133880694652451
"NE",-43,2020-08-02,-0.0727222930589101
"NE",-29,2020-08-09,-0.07272229305891
"NE",3,2020-08-16,-0.072722293058911
"NE",7,2020-08-23,-0.07272229305891
"NE",-9,2020-08-30,-0.07272229305891
"NE",5,2020-09-06,-0.0541341308777661
"NE",9,2020-09-13,-0.051036103847576
"NE",22,2020-09-20,0.052496944841819
"NE",-27,2020-09-27,0.0697524529567171
"NE",45,2020-10-04,0.102785978156975
"NE",-11,2020-10-25,-0.211652884125603
"NE",-20,2020-11-01,0.239285219746082
"NE",9,2020-11-08,0.314441570391366
"NE",-2,2020-11-15,-0.0100756027412798
"NE",0,2020-11-22,-0.0641617982633731
"NE",8,2020-11-29,0.043727333616532
"NE",-20,2020-12-06,0.0617088555965211
"NE",11,2020-12-13,-0.307796082289693
"NE",12,2020-12-20,-0.369380238604058
"NE",14,2020-12-27,0.049456476774074
"NE",-21,2021-01-03,0.119262596003762
"NE",14,2021-01-10,0.119262596003763
"NE",-18,2021-01-17,0.119262596003763
"NE",37,2021-01-24,-0.115923117230059
"NE",-14,2021-01-31,-0.155120736102362
"NE",-3,2021-02-07,0.038205021715175
"NE",-13,2021-02-14,0.07042598135143
"NE",14,2021-02-21,-0.0591046331185641
"NE",12,2021-02-28,-0.080693068863563
"NE",1,2021-03-07,0.0135529625163551
"NE",-41,2021-03-14,0.029260634413008
"NE",19,2021-03-21,0.050380777864904
"NE",-19,2021-03-28,0.0539008017735529
"NH",1,2020-05-17,-0.51043055765858
"NH",7,2020-05-24,-0.339627999801344
"NH",-14,2020-05-31,-0.00981576286072694
"NH",-19,2020-06-07,0.0890739173712449
"NH",22,2020-06-14,-0.145094302412304
"NH",-11,2020-06-21,0.198385495408238
"NH",18,2020-06-28,0.362212922864822
"NH",-6,2020-07-05,-0.590183886446679
"NH",-28,2020-07-12,-0.0513608387514519
"NH",0,2020-07-19,-0.03532678391328
"NH",86,2020-07-26,-0.032368355948582
"NH",2,2020-08-16,0.0249552145936141
"NH",-1,2020-08-23,0.0249552145936139
"NH",-1,2020-08-30,0.0249552145936141
"NH",13,2020-09-06,0.172793362986498
"NH",-7,2020-09-13,0.197433054385315
"NH",0,2020-09-20,-0.110650006402218
"NH",4,2020-09-27,-0.161997183200134
"NH",35,2020-10-04,-0.0579618743116349
"NH",-23,2020-10-11,-0.0406226561635521
"NH",74,2020-10-18,0.142031461994375
"NH",-58,2020-10-25,0.172473815020696
"NH",-7,2020-11-01,-0.191282774631898
"NH",46,2020-11-08,-0.25190887290733
"NH",-57,2020-11-15,0.106057329073764
"NH",20,2020-11-22,0.16571836273728
"NH",-34,2020-11-29,0.554737333619842
"NH",2,2020-12-06,0.61957382876693
"NH",0,2020-12-13,-0.46434128855482
"NH",18,2020-12-20,-0.64499380810845
"NH",42,2020-12-27,-0.065831630980194
"NH",-15,2021-01-03,0.030695398541182
"NH",11,2021-01-10,0.030695398541182
"NH",-12,2021-01-17,0.0306953985411811
"NH",-43,2021-01-24,0.00128405879037097
"NH",25,2021-01-31,-0.00361783116809899
"NH",13,2021-02-07,-0.073595488913106
"NH",-28,2021-02-14,-0.085258431870608
"NH",78,2021-02-21,0.011561157919228
"NH",-10,2021-02-28,0.027697756217533
"NH",-45,2021-03-07,-0.0384962493773591
"NH",-3,2021-03-14,-0.0495285836431739
"NH",-2,2021-03-21,0.110415236889497
"NH",-26,2021-03-28,0.137072540311608
"NJ",-28,2020-05-17,-0.071302571797367
"NJ",-1,2020-05-24,-0.122015417838024
"NJ",0,2020-05-31,-0.069915049863538
"NJ",12,2020-06-07,-0.112992412717193
"NJ",3,2020-06-14,-0.0998006881660171
"NJ",-14,2020-06-21,0.194133646067783
"NJ",-24,2020-06-28,-0.105804769389748
"NJ",-14,2020-07-05,-0.102742348713093
"NJ",16,2020-07-12,0.083334614807604
"NJ",-28,2020-07-19,-0.059184935312164
"NJ",33,2020-07-26,-0.021746585945761
"NJ",21,2020-08-02,0.023635275689981
"NJ",-66,2020-08-09,0.023635275689981
"NJ",2,2020-08-16,0.0236352756899809
"NJ",-4,2020-08-23,0.023635275689981
"NJ",0,2020-08-30,0.02363527568998
"NJ",3,2020-09-06,0.025053432587273
"NJ",5,2020-09-13,0.025289792070154
"NJ",7,2020-09-20,0.162803593299809
"NJ",0,2020-09-27,0.185722560171418
"NJ",34,2020-10-04,-0.043793722828771
"NJ",3,2020-10-11,-0.082046436662137
"NJ",-33,2020-10-18,-0.052323056965909
"NJ",13,2020-10-25,-0.047369160349871
"NJ",21,2020-11-01,0.07574655624503
"NJ",13,2020-11-08,0.09626584234418
"NJ",-38,2020-11-15,0.046704886812978
"NJ",20,2020-11-22,0.0384447275577731
"NJ",-4,2020-11-29,0.0378248744901399
"NJ",-39,2020-12-06,0.0377215656455201
"NJ",15,2020-12-13,-0.05663598297559
"NJ",15,2020-12-20,-0.072362241079118
"NJ",4,2020-12-27,-0.0554860624226721
"NJ",1,2021-01-03,-0.052673365979933
"NJ",-3,2021-01-10,-0.052673365979932
"NJ",-16,2021-01-17,-0.052673365979932
"NJ",10,2021-01-24,-0.110233015836162
"NJ",17,2021-01-31,-0.1198262908122
"NJ",-28,2021-02-07,0.077158417126341
"NJ",8,2021-02-14,0.109989201782766
"NJ",0,2021-02-21,0.0369003219205191
"NJ",19,2021-02-28,0.024718841943479
"NJ",4,2021-03-07,-0.028880722532193
"NJ",-9,2021-03-14,-0.037813983278137
"NJ",38,2021-03-21,-0.104672105845793
"NJ",-57,2021-03-28,-0.115815126273736
"NM",-31,2020-05-17,-0.014832176160295
"NM",10,2020-05-24,0.121515738281786
"NM",-17,2020-05-31,0.295276226205823
"NM",18,2020-06-07,-0.244880341877174
"NM",0,2020-06-14,-0.229959539018556
"NM",-7,2020-06-21,0.702786277972981
"NM",-11,2020-06-28,-0.221205238845231
"NM",-16,2020-07-05,0.107008527174834
"NM",52,2020-07-12,-0.0277454166388501
"NM",-65,2020-07-19,0.218048728962877
"NM",36,2020-07-26,0.0726491218221499
"NM",35,2020-08-02,-0.0547470453177099
"NM",-94,2020-08-09,-0.0547470453177099
"NM",5,2020-08-16,-0.0547470453177201
"NM",4,2020-08-23,-0.0547470453177099
"NM",-7,2020-08-30,-0.054747045317713
"NM",7,2020-09-06,-0.0257258985734681
"NM",2,2020-09-13,-0.02088904078276
"NM",14,2020-09-20,0.08089324077828
"NM",-13,2020-09-27,0.097856954371791
"NM",33,2020-10-04,-0.223317339786946
"NM",-38,2020-10-11,-0.276846388813396
"NM",71,2020-10-18,0.071504690696179
"NM",-31,2020-10-25,0.129563203947774
"NM",-10,2020-11-01,0.192097461529813
"NM",22,2020-11-08,0.202519837793486
"NM",27,2020-11-15,-0.10306018938075
"NM",-38,2020-11-22,-0.153990193909799
"NM",13,2020-11-29,-0.11371189085563
"NM",-38,2020-12-06,-0.106998840346602
"NM",-9,2020-12-13,0.166964588861109
"NM",20,2020-12-20,0.212625160395722
"NM",6,2020-12-27,-0.0392700834530102
"NM",31,2021-01-03,-0.0812526240944819
"NM",-35,2021-01-10,-0.081252624094477
"NM",-15,2021-01-17,-0.0812526240944771
"NM",4,2021-01-24,0.335862401967906
"NM",43,2021-01-31,0.40538157297831
"NM",-45,2021-02-07,-0.0446126135145701
"NM",17,2021-02-14,-0.1196116445967
"NM",36,2021-02-21,-0.30848435214091
"NM",-61,2021-02-28,-0.339963136731616
"NM",34,2021-03-07,-0.069829905977413
"NM",-31,2021-03-14,-0.0248077008517139
"NM",51,2021-03-21,0.374222356022873
"NM",-51,2021-03-28,0.44072736550197
"NV",-27,2020-05-17,-0.184878702533863
"NV",-2,2020-05-24,-0.13262831868889
"NV",-1,2020-05-31,0.164690985020928
"NV",7,2020-06-07,-0.135396032883421
"NV",-15,2020-06-14,0.410533071245562
"NV",-4,2020-06-21,0.0110190199488099
"NV",50,2020-06-28,-0.336642188106736
"NV",-35,2020-07-05,-0.022588462836847
"NV",47,2020-07-12,0.363212909011095
"NV",-20,2020-07-19,0.511295436367308
"NV",-28,2020-07-26,0.05749577028704
"NV",35,2020-08-02,-0.13185012858551
"NV",-83,2020-08-09,-0.13185012858552
"NV",12,2020-08-16,-0.13185012858551
"NV",-11,2020-08-23,-0.131850128585514
"NV",6,2020-08-30,-0.131850128585515
"NV",0,2020-09-06,-0.080011977357091
"NV",-1,2020-09-13,-0.071372285485688
"NV",18,2020-09-20,0.070388719503266
"NV",1,2020-09-27,0.094015553668092
"NV",0,2020-10-04,-0.100897816026983
"NV",21,2020-10-11,-0.133383377642829
"NV",-13,2020-10-18,0.181789976362739
"NV",-7,2020-10-25,0.234318868697003
"NV",15,2020-11-01,-0.02574859985744
"NV",19,2020-11-08,-0.069093177949836
"NV",-1,2020-11-15,0.239410598066616
"NV",13,2020-11-22,0.29082789406935
"NV",-37,2020-11-29,-0.22672582904302
"NV",-7,2020-12-06,-0.31298478289508
"NV",30,2020-12-13,-0.0112925457045979
"NV",8,2020-12-20,0.03898949382715
"NV",-27,2020-12-27,-0.0947027754941371
"NV",18,2021-01-03,-0.116984820381019
"NV",-38,2021-01-10,-0.116984820381019
"NV",39,2021-01-17,-0.116984820381019
"NV",-10,2021-01-24,0.085286018830353
"NV",11,2021-01-31,0.118997825365582
"NV",-27,2021-02-07,0.0595251178899929
"NV",-17,2021-02-14,0.049612999977396
"NV",33,2021-02-21,0.132079048828859
"NV",-33,2021-02-28,0.145823390304099
"NV",70,2021-03-07,-0.232684355274077
"NV",-41,2021-03-14,-0.295768979537111
"NV",11,2021-03-21,-0.059696458547809
"NV",-18,2021-03-28,-0.020351038382925
"NY",-11,2020-05-17,-0.309043644511543
"NY",-3,2020-05-24,0.062694915270331
"NY",-17,2020-05-31,-0.117999085315066
"NY",12,2020-06-07,0.161746260383899
"NY",3,2020-06-14,0.125113791672063
"NY",-13,2020-06-21,-0.206362382315701
"NY",-20,2020-06-28,-0.077276413892588
"NY",-12,2020-07-05,0.329189561084516
"NY",11,2020-07-12,0.026534402606008
"NY",-15,2020-07-19,0.077876830749394
"NY",28,2020-07-26,0.013276869214333
"NY",3,2020-08-02,-0.048223397632647
"NY",-46,2020-08-09,-0.048223397632646
"NY",3,2020-08-16,-0.0482233976326469
"NY",-3,2020-08-23,-0.048223397632647
"NY",-3,2020-08-30,-0.0482233976326459
"NY",3,2020-09-06,-0.014323995491301
"NY",2,2020-09-13,-0.00867409513440898
"NY",21,2020-09-20,0.090756591335015
"NY",-9,2020-09-27,0.107328372413252
"NY",38,2020-10-04,-0.147514945517026
"NY",6,2020-10-11,-0.18998883183874
"NY",-24,2020-10-18,0.155713105872358
"NY",3,2020-10-25,0.213330095490875
"NY",8,2020-11-01,-0.018311562826654
"NY",-3,2020-11-08,-0.056918505879576
"NY",-17,2020-11-15,0.0495624595831841
"NY",11,2020-11-22,0.0673092871603109
"NY",55,2020-11-29,0.109347977296829
"NY",-81,2020-12-06,0.11635442565291
"NY",9,2020-12-13,-0.320141299389326
"NY",45,2020-12-20,-0.392890586896366
"NY",0,2020-12-27,0.017744748723841
"NY",-36,2021-01-03,0.08618397132721
"NY",5,2021-01-10,0.086183971327209
"NY",-4,2021-01-17,0.08618397132721
"NY",0,2021-01-24,0.089638833821115
"NY",-2,2021-01-31,0.0902146442367669
"NY",-2,2021-02-07,0.0726382942375521
"NY",-15,2021-02-14,0.0697089025710179
"NY",9,2021-02-21,-0.134907268474964
"NY",28,2021-02-28,-0.169009963649292
"NY",-10,2021-03-07,-0.161731107594698
"NY",-7,2021-03-14,-0.160517964918933
"NY",37,2021-03-21,0.367168869416086
"NY",-44,2021-03-28,0.455116675138591
"OH",3,2020-05-17,-0.21300868985818
"OH",-2,2020-05-24,0.088643383360576
"OH",11,2020-05-31,0.257833487504514
"OH",-5,2020-06-07,0.0465276122128649
"OH",-6,2020-06-14,-0.152146458465248
"OH",12,2020-06-21,-0.04155766854343
"OH",-5,2020-06-28,-0.00356135178397499
"OH",-11,2020-07-05,-0.0327835202565799
"OH",-4,2020-07-12,0.10923190300645
"OH",12,2020-07-19,-0.00678138256204097
"OH",25,2020-07-26,-0.012289702790696
"OH",6,2020-08-02,0.0136826241245049
"OH",-63,2020-08-09,0.013682624124506
"OH",7,2020-08-16,0.0136826241245049
"OH",-8,2020-08-23,0.013682624124505
"OH",-2,2020-08-30,0.013682624124505
"OH",7,2020-09-06,-0.013202024343836
"OH",-4,2020-09-13,-0.0176827990885591
"OH",13,2020-09-20,-0.011251856412953
"OH",-5,2020-09-27,-0.0101800326336859
"OH",10,2020-10-04,0.0537176989303
"OH",6,2020-10-11,0.064367320857632
"OH",-7,2020-10-18,-0.126456896345377
"OH",-4,2020-10-25,-0.158260932545877
"OH",30,2020-11-01,0.260150633322717
"OH",-7,2020-11-08,0.329885894300815
"OH",-11,2020-11-15,0.2691042095128
"OH",21,2020-11-22,0.2589739287148
"OH",-39,2020-11-29,-0.11158938489088
"OH",-3,2020-12-06,-0.17334993715848
"OH",2,2020-12-13,0.0239122823240201
"OH",27,2020-12-20,0.0567893189044499
"OH",10,2020-12-27,-0.14303985676509
"OH",-19,2021-01-03,-0.17634471937667
"OH",1,2021-01-10,-0.176344719376673
"OH",9,2021-01-17,-0.176344719376673
"OH",1,2021-01-24,0.047025316728362
"OH",32,2021-01-31,0.084253656079201
"OH",-42,2021-02-07,-0.011283861536887
"OH",5,2021-02-14,-0.027206781139568
"OH",-1,2021-02-21,0.414314979324188
"OH",1,2021-02-28,0.48790193940148
"OH",23,2021-03-07,-0.35681985300552
"OH",-26,2021-03-14,-0.497606818406687
"OH",7,2021-03-21,-0.223546715708369
"OH",-16,2021-03-28,-0.177870031925317
"OK",14,2020-05-17,-0.188156917386224
"OK",4,2020-05-24,-0.023482118014802
"OK",-3,2020-05-31,0.236763481097473
"OK",1,2020-06-07,0.0983921394919619
"OK",-8,2020-06-14,-0.104102102723798
"OK",34,2020-06-21,0.673019486348989
"OK",9,2020-06-28,0.0660389484100801
"OK",-39,2020-07-05,-0.22490399001365
"OK",2,2020-07-12,-0.198068140209878
"OK",6,2020-07-19,0.0133766759310761
"OK",22,2020-07-26,-0.0128710068034721
"OK",35,2020-08-02,-0.057632196704317
"OK",-72,2020-08-09,-0.057632196704316
"OK",7,2020-08-16,-0.0576321967043161
"OK",-10,2020-08-23,-0.057632196704316
"OK",-5,2020-08-30,-0.057632196704317
"OK",7,2020-09-06,0.153935864246584
"OK",5,2020-09-13,0.1891972077384
"OK",13,2020-09-20,-0.0933743754990161
"OK",-21,2020-09-27,-0.140469639371919
"OK",46,2020-10-04,0.237394813466438
"OK",-47,2020-10-11,0.300372222272829
"OK",8,2020-10-18,-0.20473292141418
"OK",-13,2020-10-25,-0.288917112028685
"OK",15,2020-11-01,0.550730454180205
"OK",25,2020-11-08,0.69067171521503
"OK",-18,2020-11-15,-0.31643402977949
"OK",10,2020-11-22,-0.48428498727857
"OK",-27,2020-11-29,-0.285430934711293
"OK",2,2020-12-06,-0.252288592616752
"OK",8,2020-12-13,0.220119165267354
"OK",0,2020-12-20,0.298853791581371
"OK",24,2020-12-27,-0.0338290976534699
"OK",-32,2021-01-03,-0.0892762458592702
"OK",19,2021-01-10,-0.0892762458592739
"OK",-11,2021-01-17,-0.0892762458592731
"OK",48,2021-01-24,0.115722846128917
"OK",-14,2021-01-31,0.14988936146028
"OK",-26,2021-02-07,-0.179606331582049
"OK",-20,2021-02-14,-0.234522280422439
"OK",28,2021-02-21,0.289262834873328
"OK",-8,2021-02-28,0.3765603540893
"OK",0,2021-03-07,-0.07014426357143
"OK",-17,2021-03-14,-0.14459503318155
"OK",31,2021-03-21,-0.275645849811199
"OK",-14,2021-03-28,-0.297487652582806
"OR",1,2020-05-17,-0.187358821035482
"OR",15,2020-05-24,0.16366620021434
"OR",-23,2020-05-31,-0.015415192656413
"OR",33,2020-06-07,-0.196410101640731
"OR",19,2020-06-14,0.76473204014368
"OR",-26,2020-06-21,0.21896503657224
"OR",-38,2020-06-28,-0.57386883672291
"OR",-3,2020-07-05,-0.266198412777523
"OR",20,2020-07-12,0.441573004549623
"OR",-10,2020-07-19,0.51605721714776
"OR",25,2020-07-26,-0.00157769216060988
"OR",17,2020-08-02,-0.18740114599121
"OR",-69,2020-08-09,-0.18740114599122
"OR",-1,2020-08-16,-0.18740114599121
"OR",-2,2020-08-23,-0.18740114599121
"OR",-3,2020-08-30,-0.187401145991219
"OR",6,2020-09-06,0.070785433641232
"OR",-7,2020-09-13,0.113816530246637
"OR",22,2020-09-20,0.16530218207182
"OR",-8,2020-09-27,0.17388312404268
"OR",-4,2020-10-04,-0.16862549133382
"OR",5,2020-10-11,-0.22571026056323
"OR",31,2020-10-18,-0.0627465550078069
"OR",-33,2020-10-25,-0.0355859374152361
"OR",32,2020-11-01,0.0389660314607551
"OR",-4,2020-11-08,0.0513913596067579
"OR",39,2020-11-15,-0.0567682245151389
"OR",-9,2020-11-22,-0.0747948218687811
"OR",-41,2020-11-29,-0.0706538814678089
"OR",0,2020-12-06,-0.069963724734313
"OR",8,2020-12-13,0.17216758308779
"OR",14,2020-12-20,0.212522801058142
"OR",37,2020-12-27,0.0759654940441499
"OR",-33,2021-01-03,0.0532059428751601
"OR",-13,2021-01-10,0.0532059428751599
"OR",18,2021-01-17,0.0532059428751601
"OR",-21,2021-01-24,-0.28959687500571
"OR",14,2021-01-31,-0.34673067798587
"OR",-22,2021-02-07,0.263551763254339
"OR",-7,2021-02-14,0.365265503461041
"OR",9,2021-02-21,-0.11086094583448
"OR",40,2021-02-28,-0.19021535405039
"OR",-37,2021-03-07,0.08479827687075
"OR",-19,2021-03-14,0.13063388202428
"OR",27,2021-03-21,-0.297910332839967
"OR",-23,2021-03-28,-0.36933436865068
"PA",-15,2020-05-17,0.00667101090097999
"PA",0,2020-05-24,0.294863802128302
"PA",16,2020-05-31,0.784471993282856
"PA",1,2020-06-07,-0.551065421476003
"PA",8,2020-06-14,-0.260236589987304
"PA",-18,2020-06-21,0.331794752271762
"PA",-11,2020-06-28,-0.122935466604094
"PA",-15,2020-07-05,-0.079849768796414
"PA",20,2020-07-12,0.331954221471123
"PA",-20,2020-07-19,-0.300372799153279
"PA",7,2020-07-26,-0.148803890581001
"PA",27,2020-08-02,0.0326309047042009
"PA",-56,2020-08-09,0.032630904704202
"PA",7,2020-08-16,0.0326309047042009
"PA",-9,2020-08-23,0.032630904704202
"PA",-1,2020-08-30,0.032630904704201
"PA",3,2020-09-06,0.028920301302819
"PA",0,2020-09-13,0.028301867402589
"PA",17,2020-09-20,-0.023410753642939
"PA",-7,2020-09-27,-0.032029523817192
"PA",17,2020-10-04,-0.033546082067999
"PA",-18,2020-10-11,-0.033798841776466
"PA",15,2020-10-18,0.100412210794638
"PA",0,2020-10-25,0.122780719556489
"PA",11,2020-11-01,0.196138209715434
"PA",17,2020-11-08,0.20836445807525
"PA",-10,2020-11-15,-0.17227392612297
"PA",40,2020-11-22,-0.235713656822678
"PA",-63,2020-11-29,0.172880334355858
"PA",-15,2020-12-06,0.24097933288562
"PA",48,2020-12-13,-0.13813947345553
"PA",-17,2020-12-20,-0.201325941179059
"PA",14,2020-12-27,-0.00898329923483898
"PA",-10,2021-01-03,0.023073807755868
"PA",-11,2021-01-10,0.0230738077558599
"PA",-5,2021-01-17,0.0230738077558601
"PA",11,2021-01-24,-0.057910429097381
"PA",12,2021-01-31,-0.0714078019062581
"PA",-14,2021-02-07,0.111933606116509
"PA",-19,2021-02-14,0.14249050745364
"PA",7,2021-02-21,-0.11791478556416
"PA",16,2021-02-28,-0.161315667733783
"PA",-7,2021-03-07,0.103441531701573
"PA",-16,2021-03-14,0.14756773160748
"PA",35,2021-03-21,-0.12580470566002
"PA",-25,2021-03-28,-0.171366778537935
"RI",-21,2020-05-17,0.078076262876739
"RI",15,2020-05-24,0.341138052298391
"RI",-32,2020-05-31,0.281389926460441
"RI",48,2020-06-07,-0.0774608531443389
"RI",-23,2020-06-14,-0.280738565006188
"RI",2,2020-06-21,0.353934892434637
"RI",-6,2020-06-28,-0.0925295530815009
"RI",2,2020-07-05,-0.240468266402222
"RI",18,2020-07-12,0.440075245957983
"RI",-24,2020-07-19,0.37993094135127
"RI",-21,2020-08-09,-0.18102122328033
"RI",2,2020-08-16,-0.181021223280334
"RI",-1,2020-08-23,-0.181021223280333
"RI",7,2020-08-30,-0.181021223280333
"RI",-7,2020-09-06,-0.0321565522920241
"RI",0,2020-09-13,-0.00734577379397394
"RI",16,2020-09-20,-0.063735874333121
"RI",-6,2020-09-27,-0.073134224422978
"RI",-11,2020-10-18,0.199781805558861
"RI",31,2020-10-25,0.231558577609159
"RI",-26,2020-11-01,0.0418306139252079
"RI",22,2020-11-08,0.010209286644551
"RI",-31,2020-11-15,0.0196736173169301
"RI",38,2020-11-22,0.021251005762326
"RI",-28,2020-11-29,0.164697483682338
"RI",-34,2020-12-06,0.18860523000233
"RI",9,2020-12-13,-0.07391765987558
"RI",59,2020-12-20,-0.11767147485524
"RI",-54,2020-12-27,-0.03285827680396
"RI",0,2021-01-03,-0.01872274379542
"RI",41,2021-01-10,-0.01872274379542
"RI",-50,2021-01-17,-0.0187227437954249
"RI",68,2021-01-24,-0.114339739980841
"RI",29,2021-03-07,0.152054309761545
"RI",-21,2021-03-14,0.136591199051989
"RI",15,2021-03-21,-0.101182405162659
"RI",-15,2021-03-28,-0.140811339198435
"SC",-2,2020-05-17,0.114910063152279
"SC",-10,2020-05-24,0.120247038963527
"SC",7,2020-05-31,0.0218004595804701
"SC",32,2020-06-07,-0.112102051724866
"SC",-29,2020-06-14,0.339153677306764
"SC",11,2020-06-21,-0.147176371284581
"SC",-3,2020-06-28,-0.180835997361445
"SC",-25,2020-07-05,-0.043372004207192
"SC",6,2020-07-12,0.24204884470723
"SC",-10,2020-07-19,0.068144434934194
"SC",24,2020-07-26,-0.077133615157378
"SC",-2,2020-08-02,-0.090217155751536
"SC",-27,2020-08-09,-0.090217155751536
"SC",9,2020-08-16,-0.090217155751536
"SC",-7,2020-08-23,-0.090217155751536
"SC",1,2020-08-30,-0.090217155751536
"SC",1,2020-09-06,0.075637054835661
"SC",-5,2020-09-13,0.103279423266861
"SC",32,2020-09-20,-0.0213618599016649
"SC",-23,2020-09-27,-0.0421354070964181
"SC",20,2020-10-04,0.137477216944545
"SC",4,2020-10-11,0.167412654284705
"SC",-17,2020-10-18,0.000831734179932986
"SC",-9,2020-10-25,-0.026931752504195
"SC",16,2020-11-01,0.359993355452468
"SC",-12,2020-11-08,0.42448087344525
"SC",7,2020-11-15,-0.35510543088874
"SC",5,2020-11-22,-0.485036481611066
"SC",-21,2020-11-29,-0.221189121329952
"SC",3,2020-12-06,-0.177214561283099
"SC",9,2020-12-13,0.113053295221714
"SC",15,2020-12-20,0.161431271305851
"SC",-4,2020-12-27,0.00132366733032407
"SC",12,2021-01-03,-0.0253609333322631
"SC",-5,2021-01-10,-0.025360933332264
"SC",4,2021-01-17,-0.025360933332263
"SC",2,2021-01-24,-0.023182538094238
"SC",10,2021-01-31,-0.022819472221234
"SC",-14,2021-02-07,0.0312083818126661
"SC",3,2021-02-14,0.040213024151648
"SC",-27,2021-02-21,-0.049005334437189
"SC",25,2021-02-28,-0.063875060868662
"SC",6,2021-03-07,-0.074192391678085
"SC",-42,2021-03-14,-0.07591194681299
"SC",41,2021-03-21,0.10333309558959
"SC",-21,2021-03-28,0.133207269323354
"SD",23,2020-05-24,0.502494292958619
"SD",-23,2020-05-31,-0.119252351079122
"SD",-10,2020-06-28,-0.423632331186375
"SD",2,2020-07-05,0.0711884851079401
"SD",32,2020-07-12,0.372255449478525
"SD",-72,2020-07-19,-0.42447970735194
"SD",-38,2020-08-09,-0.00514559797108199
"SD",15,2020-08-16,-0.00514559797108199
"SD",-14,2020-08-23,-0.00514559797108199
"SD",-3,2020-08-30,-0.00514559797108199
"SD",9,2020-09-20,-0.0461133103147771
"SD",8,2020-09-27,-0.08314715451939
"SD",38,2020-10-04,-0.0534301350529589
"SD",-13,2020-10-11,-0.048477298475221
"SD",1,2020-11-01,0.284045633796281
"SD",24,2020-11-08,0.342944434473104
"SD",-12,2020-11-15,4.25448613494694e-06
"SD",-22,2020-11-22,-0.057152442178359
"SD",-8,2020-11-29,-0.26930265203903
"SD",4,2020-12-06,-0.304661020349142
"SD",16,2020-12-13,0.261957852227631
"SD",-12,2021-01-31,-0.075851317097358
"SD",1,2021-03-07,-0.161377336036284
"TN",-16,2020-05-17,-0.095945465148628
"TN",9,2020-05-24,-0.177298197983685
"TN",1,2020-05-31,0.1313022431529
"TN",10,2020-06-07,0.057779714190335
"TN",-15,2020-06-14,-0.169061625701947
"TN",-2,2020-06-21,0.026231810283013
"TN",25,2020-06-28,0.267404927945239
"TN",-24,2020-07-05,-0.00621948052293397
"TN",19,2020-07-12,0.014223701382708
"TN",-15,2020-07-19,-0.0644530885723921
"TN",2,2020-07-26,-0.00933812920385491
"TN",18,2020-08-02,0.0350086003471579
"TN",-42,2020-08-09,0.035008600347159
"TN",-3,2020-08-16,0.035008600347158
"TN",0,2020-08-23,0.035008600347158
"TN",2,2020-08-30,0.035008600347161
"TN",-2,2020-09-06,-0.077233174395516
"TN",3,2020-09-13,-0.095940136852625
"TN",18,2020-09-20,-0.186847372187161
"TN",-12,2020-09-27,-0.20199857807625
"TN",13,2020-10-04,0.142213303671609
"TN",-19,2020-10-11,0.199581950629586
"TN",15,2020-10-18,0.158318623768962
"TN",11,2020-10-25,0.151441402625525
"TN",-4,2020-11-01,-0.192297963594346
"TN",5,2020-11-08,-0.249587857964324
"TN",-13,2020-11-15,0.156762377172747
"TN",14,2020-11-22,0.224487416362263
"TN",-19,2020-11-29,0.16832367354054
"TN",-7,2020-12-06,0.15896304973693
"TN",1,2020-12-13,0.03956055689385
"TN",28,2020-12-20,0.0196601414199999
"TN",18,2020-12-27,-0.14790833209353
"TN",-28,2021-01-03,-0.17583641101245
"TN",4,2021-01-10,-0.175836411012444
"TN",7,2021-01-17,-0.175836411012449
"TN",2,2021-01-24,0.0946831156943
"TN",-16,2021-01-31,0.139769703478753
"TN",10,2021-02-07,-0.126331374322104
"TN",-25,2021-02-14,-0.170681553955588
"TN",9,2021-02-21,-0.023558544772432
"TN",7,2021-02-28,0.000961956758092963
"TN",1,2021-03-07,-0.027968485755867
"TN",1,2021-03-14,-0.032790226174859
"TN",3,2021-03-21,0.103934592541083
"TN",-8,2021-03-28,0.126722062327074
"TX",6,2020-05-17,0.10302721357292
"TX",0,2020-05-24,-0.032979883827271
"TX",-14,2020-05-31,-0.15808194553159
"TX",16,2020-06-07,0.130676419300382
"TX",20,2020-06-14,0.19402877352507
"TX",25,2020-06-21,-0.278703499825764
"TX",-7,2020-06-28,0.185959853527029
"TX",-32,2020-07-05,0.039718952298511
"TX",29,2020-07-12,0.090684445690433
"TX",7,2020-07-19,-0.166328273026717
"TX",-36,2020-07-26,-0.092737331492674
"TX",-9,2020-08-02,-0.00859119288460497
"TX",-34,2020-08-09,-0.00859119288460597
"TX",9,2020-08-16,-0.00859119288460508
"TX",-8,2020-08-23,-0.00859119288460497
"TX",0,2020-08-30,-0.00859119288460597
"TX",4,2020-09-06,0.031752450895281
"TX",0,2020-09-13,0.0384763915252619
"TX",21,2020-09-20,-0.0814770242999819
"TX",-12,2020-09-27,-0.101469260270857
"TX",20,2020-10-04,0.177690670950018
"TX",-15,2020-10-11,0.224217326153496
"TX",11,2020-10-18,-0.105803671204896
"TX",-3,2020-10-25,-0.160807170764628
"TX",6,2020-11-01,0.259329086386786
"TX",2,2020-11-08,0.329351795912022
"TX",-16,2020-11-15,-0.0512221924644498
"TX",20,2020-11-22,-0.1146511905272
"TX",-25,2020-11-29,0.00806672335051006
"TX",-7,2020-12-06,0.0285197089968099
"TX",5,2020-12-13,-0.179964702997839
"TX",15,2020-12-20,-0.214712104996945
"TX",4,2020-12-27,-0.0465676786224209
"TX",-5,2021-01-03,-0.0185436075599991
"TX",10,2021-01-10,-0.018543607559999
"TX",-13,2021-01-17,-0.018543607559999
"TX",17,2021-01-24,0.184231141781232
"TX",1,2021-01-31,0.218026933338104
"TX",-10,2021-02-07,-0.0270363322960681
"TX",-14,2021-02-14,-0.067880209901762
"TX",-2,2021-02-21,-0.0477626681235499
"TX",34,2021-02-28,-0.044409744493847
"TX",-7,2021-03-07,-0.072105974638378
"TX",-13,2021-03-14,-0.0767220129957991
"TX",11,2021-03-21,-0.0330141299664539
"TX",-27,2021-03-28,-0.0257294827948961
"UT",-6,2020-05-17,0.065314681959573
"UT",4,2020-05-24,-0.1192704016486
"UT",12,2020-05-31,0.0602169661909879
"UT",-18,2020-06-07,-0.104819408409624
"UT",17,2020-06-14,0.198980060619004
"UT",-9,2020-06-21,0.176787733493669
"UT",43,2020-06-28,-0.048157404726644
"UT",-42,2020-07-05,-0.318854356586142
"UT",14,2020-07-12,0.184548657669043
"UT",-8,2020-07-19,0.223570084316001
"UT",5,2020-07-26,0.000102565372413932
"UT",3,2020-08-02,-0.057909927804061
"UT",-42,2020-08-09,-0.057909927804061
"UT",20,2020-08-16,-0.0579099278040609
"UT",-24,2020-08-23,-0.057909927804061
"UT",0,2020-08-30,-0.057909927804061
"UT",8,2020-09-06,-0.054165794243643
"UT",-2,2020-09-13,-0.053541771983572
"UT",0,2020-09-20,0.199748887462716
"UT",14,2020-10-11,-0.074815041525375
"UT",4,2020-10-18,-0.096131313131197
"UT",-20,2020-10-25,-0.099684025065501
"UT",9,2020-11-01,0.148135805114287
"UT",40,2020-11-08,0.189439110144248
"UT",-46,2020-11-15,0.07272034877379
"UT",22,2020-11-22,0.05326722187871
"UT",-27,2020-11-29,-0.210919604124656
"UT",-2,2020-12-06,-0.254950741791883
"UT",5,2020-12-13,0.099258507183328
"UT",4,2020-12-20,0.15829338201253
"UT",21,2020-12-27,0.079524119941531
"UT",7,2021-01-03,0.06639590959636
"UT",0,2021-01-10,0.06639590959637
"UT",-24,2021-01-17,0.06639590959636
"UT",17,2021-01-24,-0.14111076567068
"UT",10,2021-01-31,-0.175695211548526
"UT",-34,2021-02-07,-0.020784998308523
"UT",10,2021-02-14,0.00503337056481101
"UT",5,2021-02-21,-0.031939850769081
"UT",-20,2021-02-28,-0.038102054324729
"UT",1,2021-03-07,-0.127703976776513
"UT",8,2021-03-14,-0.142637630518476
"UT",42,2021-03-21,-0.071395028324416
"UT",-48,2021-03-28,-0.059521261292073
"VA",-14,2020-05-17,0.0448695490865211
"VA",18,2020-05-24,0.287846722802911
"VA",-12,2020-05-31,0.222608473815005
"VA",17,2020-06-07,0.00949340301203994
"VA",-1,2020-06-14,-0.201384743754704
"VA",-22,2020-06-21,-0.230917926400463
"VA",3,2020-06-28,-0.09726533022751
"VA",-6,2020-07-05,0.106359545958687
"VA",3,2020-07-12,-0.043464800885741
"VA",-20,2020-07-19,0.253690860853266
"VA",28,2020-07-26,0.099786855524718
"VA",-2,2020-08-02,-0.02287549213956
"VA",-43,2020-08-09,-0.022875492139559
"VA",2,2020-08-16,-0.022875492139559
"VA",4,2020-08-23,-0.0228754921395591
"VA",-1,2020-08-30,-0.02287549213956
"VA",-2,2020-09-06,-0.0720226830705279
"VA",6,2020-09-13,-0.0802138815590241
"VA",33,2020-09-20,0.010003217825978
"VA",-22,2020-09-27,0.025039401056812
"VA",28,2020-10-04,-0.019357650940531
"VA",-22,2020-10-11,-0.026757159606755
"VA",1,2020-10-18,0.059450364550397
"VA",-14,2020-10-25,0.073818285243255
"VA",19,2020-11-01,-0.00558865523711793
"VA",8,2020-11-08,-0.01882314531718
"VA",-1,2020-11-15,-0.025920843620844
"VA",-3,2020-11-22,-0.0271037933381201
"VA",-22,2020-11-29,0.025102364366153
"VA",-7,2020-12-06,0.0338033906501991
"VA",18,2020-12-13,0.13985597233742
"VA",10,2020-12-20,0.15753140261863
"VA",12,2020-12-27,0.12711673747261
"VA",-9,2021-01-03,0.12204762661495
"VA",-1,2021-01-10,0.12204762661495
"VA",-6,2021-01-17,0.12204762661495
"VA",11,2021-01-24,-0.27690517305509
"VA",13,2021-01-31,-0.343397306333443
"VA",-23,2021-02-07,-0.146302130497228
"VA",-7,2021-02-14,-0.113452934524527
"VA",20,2021-02-21,-0.00983796537207204
"VA",21,2021-02-28,0.00743119615333609
"VA",-2,2021-03-07,-0.01579594134006
"VA",-34,2021-03-14,-0.019667130922293
"VA",13,2021-03-21,0.00314530639363297
"VA",-17,2021-03-28,0.00694737927962097
"VT",18,2020-05-17,-0.1217741699222
"VT",-26,2020-05-24,-0.466600650893034
"VT",0,2020-05-31,2.95794964019181
"VT",8,2020-06-07,-1.38552781749263
"VT",77,2020-06-14,-1.2606246771392
"VT",45,2020-07-12,-0.438851157108812
"VT",-49,2020-07-19,0.125468973532726
"VT",63,2020-07-26,-0.00733959673679507
"VT",21,2020-08-02,-0.068941799514875
"VT",-92,2020-08-09,-0.068941799514875
"VT",2,2020-08-30,-0.0689417995148751
"VT",-3,2020-09-06,0.370938048889268
"VT",-29,2020-09-27,-0.449941371845647
"VT",-33,2020-10-25,0.081212897806681
"VT",33,2020-11-01,0.88862404039634
"VT",-36,2020-11-08,1.02319256416128
"VT",-45,2020-11-15,-0.74224278444727
"VT",15,2020-11-22,-1.03648200921535
"VT",-23,2020-11-29,-0.177130407907462
"VT",-6,2020-12-06,-0.0339051410228089
"VT",14,2020-12-13,0.109650728631321
"VT",4,2020-12-20,0.13357670690701
"VT",11,2020-12-27,0.23773893809213
"VT",-1,2021-01-03,0.25509930995631
"VT",64,2021-01-10,0.25509930995632
"VT",-40,2021-01-17,0.25509930995631
"VT",-10,2021-02-07,-0.0602293978820521
"VT",-52,2021-02-14,0.0781740093165421
"VT",12,2021-02-21,0.424737845476802
"VT",13,2021-02-28,0.48249848483684
"VT",1,2021-03-07,-0.22193588153777
"VT",47,2021-03-14,-0.339341609266879
"WA",-21,2020-05-17,-0.209076067712385
"WA",19,2020-05-24,-0.00693593773810197
"WA",9,2020-05-31,0.0177386929197989
"WA",-2,2020-06-07,-0.088218049227111
"WA",-4,2020-06-14,-0.047218607327412
"WA",-22,2020-06-21,0.160519776062387
"WA",12,2020-06-28,0.204613662022164
"WA",-9,2020-07-05,-0.103282743809845
"WA",23,2020-07-12,-0.279847289469317
"WA",-23,2020-07-19,0.048886890688877
"WA",7,2020-07-26,0.069594619402136
"WA",11,2020-08-02,0.021551774805145
"WA",-56,2020-08-09,0.021551774805144
"WA",13,2020-08-16,0.0215517748051449
"WA",-14,2020-08-23,0.021551774805144
"WA",-5,2020-08-30,0.021551774805144
"WA",3,2020-09-06,-0.078070076857137
"WA",-1,2020-09-13,-0.0946737188008501
"WA",12,2020-09-20,0.102568645733971
"WA",-4,2020-09-27,0.135442373156441
"WA",25,2020-10-04,-0.100643514339074
"WA",-20,2020-10-11,-0.139991162254992
"WA",18,2020-10-18,0.016972614157139
"WA",-14,2020-10-25,0.043133243559162
"WA",14,2020-11-01,0.107339168165793
"WA",0,2020-11-08,0.118040155600232
"WA",62,2020-11-15,-0.07407881096056
"WA",-2,2020-11-22,-0.106098638720693
"WA",-72,2020-11-29,0.145072444831816
"WA",1,2020-12-06,0.186934292090569
"WA",15,2020-12-13,0.0431740819755
"WA",18,2020-12-20,0.01921404695633
"WA",12,2020-12-27,-0.06678875994736
"WA",9,2021-01-03,-0.08112256109796
"WA",-10,2021-01-10,-0.081122561097969
"WA",-20,2021-01-17,-0.081122561097966
"WA",-11,2021-01-24,0.076869168047491
"WA",17,2021-01-31,0.103201122905064
"WA",-14,2021-02-07,0.06856591462884
"WA",-30,2021-02-14,0.06279337991613
"WA",14,2021-02-21,-0.0431517134316499
"WA",42,2021-02-28,-0.0608092289896101
"WA",-22,2021-03-07,-0.155655237893939
"WA",-25,2021-03-14,-0.171462906044662
"WA",34,2021-03-21,-0.056322997696348
"WA",-11,2021-03-28,-0.0371330129716301
"WI",5,2020-05-17,-0.317206404085755
"WI",18,2020-05-24,-0.146426545515588
"WI",-16,2020-05-31,0.101838303566398
"WI",-6,2020-06-07,0.0460885699672611
"WI",-12,2020-06-14,0.043959724981718
"WI",11,2020-06-21,0.00816216389314495
"WI",1,2020-06-28,-0.142175754900636
"WI",-12,2020-07-05,0.387103665575248
"WI",-17,2020-07-12,-0.182662531080123
"WI",10,2020-07-19,-0.00851276386549205
"WI",2,2020-07-26,0.03830455510319
"WI",19,2020-08-02,-0.0221807388055409
"WI",-37,2020-08-09,-0.0221807388055421
"WI",15,2020-08-16,-0.0221807388055409
"WI",-24,2020-08-23,-0.0221807388055411
"WI",7,2020-08-30,-0.0221807388055419
"WI",4,2020-09-06,-0.054292665499265
"WI",1,2020-09-13,-0.059644653281552
"WI",6,2020-09-20,-0.027864301106634
"WI",-10,2020-09-27,-0.022567575744147
"WI",10,2020-10-04,-0.00553807998503397
"WI",42,2020-10-11,-0.00269983069184904
"WI",-31,2020-10-18,0.115565103667541
"WI",12,2020-10-25,0.135275926060771
"WI",-8,2020-11-01,0.401854179121152
"WI",8,2020-11-08,0.44628388796454
"WI",-15,2020-11-15,-0.36761326400611
"WI",11,2020-11-22,-0.503262789334556
"WI",-32,2020-11-29,0.091926101294509
"WI",2,2020-12-06,0.191124249732685
"WI",2,2020-12-13,0.00749843694770602
"WI",30,2020-12-20,-0.0231058651831241
"WI",-13,2020-12-27,0.00795587297386302
"WI",8,2021-01-03,0.013132829333361
"WI",-10,2021-01-10,0.013132829333361
"WI",11,2021-01-17,0.013132829333361
"WI",12,2021-01-24,-0.140572957552555
"WI",-17,2021-01-31,-0.166190588700208
"WI",-7,2021-02-07,0.119702724581055
"WI",-6,2021-02-14,0.167351610127932
"WI",32,2021-02-21,-0.14441967766434
"WI",-7,2021-02-28,-0.196381558963053
"WI",-33,2021-03-07,0.00435610713740597
"WI",-4,2021-03-14,0.0378123848208141
"WI",42,2021-03-21,0.303016543193817
"WI",-22,2021-03-28,0.347217236255986
"WV",-6,2020-05-17,-0.188133387515157
"WV",10,2020-05-24,0.0280245074926271
"WV",4,2020-05-31,-0.130099895905121
"WV",25,2020-06-07,-0.155582705618073
"WV",24,2020-06-28,0.134695631354239
"WV",0,2020-07-19,-0.166289980539995
"WV",77,2020-07-26,-0.143496125910105
"WV",-68,2020-08-02,-0.0374529508266079
"WV",-3,2020-09-06,-0.119812602386747
"WV",20,2020-09-13,-0.133539210980103
"WV",12,2020-09-20,0.219493577055107
"WV",-20,2020-09-27,0.278332375060976
"WV",13,2020-10-04,-0.12055109435883
"WV",-8,2020-10-11,-0.187031672595465
"WV",2,2020-10-18,0.014857769826499
"WV",-4,2020-11-08,-0.074688971420668
"WV",25,2020-11-15,0.417021866601231
"WV",-3,2020-11-22,0.498973672938212
"WV",-27,2020-11-29,0.17044499263739
"WV",0,2020-12-06,0.11569021258724
"WV",17,2020-12-13,-0.57158663856436
"WV",0,2021-01-03,0.139387923439005
"WV",23,2021-01-10,0.139387923439005
"WV",-14,2021-01-17,0.139387923439006
"WV",34,2021-01-24,-0.214874016395537
"WV",-69,2021-02-14,0.354069561756137
"WV",39,2021-02-21,-0.162774299339517
"WV",-7,2021-02-28,-0.248914942855457
"WV",22,2021-03-07,0.169556295650193
"WV",-38,2021-03-14,0.239301502067801
"WV",-8,2021-03-21,0.52652873081056
"WV",-6,2021-03-28,0.57439993560102
"WY",-24,2020-05-17,0.354452169969962
"WY",47,2020-06-21,-0.152179639401036
"WY",-53,2020-06-28,0.276671106994111
"WY",-21,2020-07-19,0.311787384910511
"WY",-47,2020-11-15,0.427502499808361
"WY",-7,2020-12-06,0.20160393980363
"WY",39,2020-12-13,-0.20961552714256
"WY",-16,2020-12-20,-0.27815210496692
"WY",15,2020-12-27,0.10661973462244
"WY",-1,2021-01-03,0.170748374554
